timestamp,ping,speed_down,speed_up
2016-04-07 03:00:00,77.438,5.79,0.61
2016-04-07 04:00:00,80.313,6.31,0.61
2016-04-07 05:00:00,77.534,6.53,0.61
2016-04-07 06:00:00,77.965,6.44,0.6
2016-04-07 07:00:00,84.413,6.37,0.59
2016-04-07 08:00:00,77.036,6.4,0.6
2016-04-07 09:00:00,82.141,6.34,0.58
2016-04-07 10:00:00,77.72,6.34,0.6
2016-04-07 11:00:00,76.921,6.47,0.6
2016-04-07 00:00:00,185.51,5.61,0.59
2016-04-07 13:00:00,77.135,6.47,0.52
2016-04-07 14:00:00,77,6.33,0.6
2016-04-07 15:00:00,97.98,5.01,0.53
2016-04-07 16:00:00,258.662,2.46,0.51
2016-04-07 17:00:00,77.58,6.11,0.59
2016-04-07 18:00:00,77.101,5.47,0.54
2016-04-07 19:00:00,125.108,4.63,0.58
2016-04-07 20:00:00,208.917,4.25,0.58
2016-04-07 21:00:00,80.929,5.1,0.57
2016-04-07 22:00:00,90.823,5.4,0.59
2016-04-07 23:00:00,121.925,5.08,0.56
2016-04-08 00:00:00,124.016,6.01,0.53
2016-04-08 01:00:00,124.518,5.23,0.59
2016-04-08 02:00:00,79.685,5.57,0.59
2016-04-08 03:00:00,77.497,6.54,0.61
2016-04-08 04:00:00,77.615,6.43,0.59
2016-04-08 05:00:00,77.455,5.62,0.57
2016-04-08 06:00:00,77.702,6.38,0.61
2016-04-08 07:00:00,77.466,5.66,0.6
2016-04-08 08:00:00,77.445,6.45,0.61
2016-04-08 09:00:00,77.026,6.17,0.6
2016-04-08 10:00:00,,,
2016-04-08 11:00:00,204.043,5.92,0.58
2016-04-08 00:00:00,98.41,5.63,0.6
2016-04-08 13:00:00,77.454,5.64,0.59
2016-04-08 14:00:00,77.853,6.15,0.59
2016-04-08 15:00:00,77.791,6.51,0.61
2016-04-08 16:00:00,120.524,5.11,0.55
2016-04-08 17:00:00,177.609,4.03,0.54
2016-04-08 18:00:00,88.384,5.34,0.55
2016-04-08 19:00:00,531.422,1.75,0.43
2016-04-08 20:00:00,91.455,2.7,0.6
2016-04-08 21:00:00,110.824,2.44,0.48
2016-04-08 22:00:00,173.664,3.19,0.55
2016-04-08 23:00:00,181.986,2.74,0.5
2016-04-09 00:00:00,80.249,5.16,0.58
2016-04-09 01:00:00,77.477,6.18,0.59
2016-04-09 02:00:00,78.912,6.5,0.61
2016-04-09 03:00:00,397.86,1.03,0.38
2016-04-09 04:00:00,76.935,5.33,0.59
2016-04-09 05:00:00,77.5,6.55,0.61
2016-04-09 06:00:00,85.542,6.55,0.6
2016-04-09 07:00:00,77.6,6.38,0.59
2016-04-09 08:00:00,,,
2016-04-09 09:00:00,79.028,5.81,0.59
2016-04-09 10:00:00,76.994,6.44,0.58
2016-04-09 11:00:00,98.225,5.63,0.56
2016-04-09 00:00:00,101.075,5.77,0.58
2016-04-09 13:00:00,459.195,1.46,0.39
2016-04-09 14:00:00,170.839,6.05,0.59
2016-04-09 15:00:00,78.427,4.15,0.6
2016-04-09 16:00:00,77.678,5.07,0.58
2016-04-09 17:00:00,210.44,2.58,0.57
2016-04-09 18:00:00,93.251,5.87,0.59
2016-04-09 19:00:00,948.776,4.53,0.6
2016-04-09 20:00:00,259.46,3.95,0.55
2016-04-09 21:00:00,267.787,3.64,0.54
2016-04-09 22:00:00,332.316,2.66,0.57
2016-04-09 23:00:00,77.963,5.73,0.57
2016-04-10 00:00:00,129.201,6.29,0.61
2016-04-10 01:00:00,111.649,6.57,0.61
2016-04-10 02:00:00,78.128,6.22,0.6
2016-04-10 03:00:00,102.73,6.21,0.59
2016-04-10 04:00:00,122.618,5.14,0.6
2016-04-10 05:00:00,97.76,5.77,0.57
2016-04-10 06:00:00,76.969,5.39,0.59
2016-04-10 07:00:00,96.452,6.26,0.6
2016-04-10 08:00:00,77.69,6.47,0.61
2016-04-10 09:00:00,82.431,4.88,0.58
2016-04-10 10:00:00,97.456,5.48,0.56
2016-04-10 11:00:00,97.542,5.32,0.59
2016-04-10 00:00:00,202.859,5.79,0.6
2016-04-10 13:00:00,78.925,5.28,0.59
2016-04-10 14:00:00,129.736,3.12,0.47
2016-04-10 15:00:00,143.52,3.09,0.5
2016-04-10 16:00:00,78.984,5.62,0.58
2016-04-10 17:00:00,144.951,5.91,0.58
2016-04-10 18:00:00,139.586,4.23,0.58
2016-04-10 19:00:00,151.083,2.15,0.58
2016-04-10 20:00:00,929.073,4.03,0.59
2016-04-10 21:00:00,93.602,3.85,0.58
2016-04-10 22:00:00,148.603,3.37,0.59
2016-04-10 23:00:00,225.56,2.52,0.53
2016-04-11 00:00:00,102.435,5.72,0.6
2016-04-11 01:00:00,97.591,6.55,0.61
2016-04-11 02:00:00,78.01,6.24,0.61
2016-04-11 03:00:00,77.636,6.42,0.61
2016-04-11 04:00:00,102.401,5.82,0.61
2016-04-11 05:00:00,101.073,6.65,0.6
2016-04-11 06:00:00,103.716,6.16,0.59
2016-04-11 07:00:00,79.481,4.95,0.58
2016-04-11 08:00:00,77.401,2.91,0.6
2016-04-11 09:00:00,102.002,6.49,0.61
2016-04-11 10:00:00,196.181,1.29,0.53
2016-04-11 11:00:00,77.414,6.35,0.6
2016-04-11 00:00:00,167.264,2.98,0.45
2016-04-11 13:00:00,106.443,3.8,0.46
2016-04-11 14:00:00,207.337,3.99,0.59
2016-04-11 15:00:00,156.154,4.54,0.57
2016-04-11 16:00:00,93.763,3.71,0.59
2016-04-11 17:00:00,339.725,1.12,0.47
2016-04-11 18:00:00,306.515,3.15,0.49
2016-04-11 19:00:00,350.582,3.31,0.48
2016-04-11 20:00:00,195.896,5.63,0.59
2016-04-11 21:00:00,220.538,4.73,0.51
2016-04-11 22:00:00,114.042,2.88,0.54
2016-04-11 23:00:00,171.244,2.07,0.5
2016-04-12 00:00:00,237.095,2.33,0.54
2016-04-12 01:00:00,102.485,6.28,0.6
2016-04-12 02:00:00,77.25,6.31,0.61
2016-04-12 03:00:00,76.83,6.41,0.56
2016-04-12 04:00:00,77.948,6.04,0.6
2016-04-12 05:00:00,77.815,6.6,0.61
2016-04-12 06:00:00,77.947,6.43,0.59
2016-04-12 07:00:00,78.66,6.63,0.58
2016-04-12 08:00:00,76.787,6.35,0.6
2016-04-12 09:00:00,103.889,6.5,0.59
2016-04-12 10:00:00,,,
2016-04-12 11:00:00,77.325,6.44,0.58
2016-04-12 00:00:00,102.953,6.24,0.59
2016-04-12 13:00:00,201.915,4.36,0.56
2016-04-12 14:00:00,125.739,4.8,0.59
2016-04-12 15:00:00,77.919,5.27,0.53
2016-04-12 16:00:00,77.532,5.68,0.59
2016-04-12 17:00:00,83.006,5.45,0.5
2016-04-12 18:00:00,78.652,6.58,0.59
2016-04-12 20:00:00,205.421,2.72,0.57
2016-04-12 21:00:00,143.463,1.95,0.58
2016-04-12 22:00:00,213.887,5.98,0.6
2016-04-12 23:00:00,117.923,4.97,0.54
2016-04-13 00:00:00,171.747,5.01,0.58
2016-04-13 01:00:00,124.601,5.78,0.58
2016-04-13 02:00:00,77.11,5.2,0.58
2016-04-13 03:00:00,102.578,6.6,0.61
2016-04-13 04:00:00,101.987,6.15,0.61
2016-04-13 05:00:00,102.436,6.49,0.61
2016-04-13 06:00:00,108.029,5.83,0.58
2016-04-13 07:00:00,77.899,5.57,0.59
2016-04-13 08:00:00,77.994,6.4,0.6
2016-04-13 09:00:00,77.366,6.42,0.61
2016-04-13 10:00:00,77.735,3.33,0.57
2016-04-13 11:00:00,76.894,5.11,0.59
2016-04-13 00:00:00,78.185,6.48,0.61
2016-04-13 13:00:00,126.52,6.14,0.61
2016-04-13 15:00:00,78.232,6.46,0.61
2016-04-13 16:00:00,106.22,5.06,0.6
2016-04-13 17:00:00,78.832,6.49,0.59
2016-04-13 18:00:00,119.396,6.39,0.57
2016-04-13 19:00:00,243.085,1.21,0.36
2016-04-13 20:00:00,187.817,1.64,0.43
2016-04-13 21:00:00,143.144,1.69,0.46
2016-04-13 22:00:00,147.859,2.04,0.55
2016-04-13 23:00:00,141.59,3.71,0.55
2016-04-14 00:00:00,77.615,6.35,0.6
2016-04-14 01:00:00,111.97,4.1,0.57
2016-04-14 02:00:00,77.552,6.54,0.6
2016-04-14 03:00:00,77.417,6.4,0.61
2016-04-14 04:00:00,76.753,5.15,0.6
2016-04-14 05:00:00,79.534,6.52,0.61
2016-04-14 06:00:00,97.604,6.55,0.6
2016-04-14 07:00:00,77.672,6.53,0.6
2016-04-14 08:00:00,77.285,6.44,0.6
2016-04-14 09:00:00,80.866,5.8,0.58
2016-04-14 10:00:00,116.476,5.24,0.57
2016-04-14 11:00:00,78.339,3.73,0.47
2016-04-14 00:00:00,77.907,3.76,0.57
2016-04-14 13:00:00,97.592,6.3,0.59
2016-04-14 14:00:00,77.561,6.62,0.61
2016-04-14 15:00:00,98.585,6.62,0.59
2016-04-14 16:00:00,154.406,4.4,0.53
2016-04-14 17:00:00,77.272,2.17,0.59
2016-04-14 18:00:00,79.449,5.8,0.54
2016-04-14 19:00:00,,,
2016-04-14 20:00:00,196.801,3.56,0.52
2016-04-14 21:00:00,163.585,4.9,0.55
2016-04-14 22:00:00,239.243,2.96,0.5
2016-04-14 23:00:00,143.676,3.19,0.54
2016-04-15 00:00:00,215.415,4.61,0.56
2016-04-15 01:00:00,144.864,6.14,0.59
2016-04-15 02:00:00,80.711,5.32,0.59
2016-04-15 03:00:00,77.24,6.27,0.6
2016-04-15 04:00:00,77.007,6.38,0.56
2016-04-15 05:00:00,91.406,6.15,0.61
2016-04-15 06:00:00,77.496,6.06,0.61
2016-04-15 07:00:00,78.333,6.19,0.59
2016-04-15 08:00:00,91.076,6.55,0.6
2016-04-15 09:00:00,77.692,6.35,0.59
2016-04-15 10:00:00,122.754,6.3,0.6
2016-04-15 11:00:00,78.314,6.42,0.59
2016-04-15 00:00:00,77.538,5.23,0.54
2016-04-15 13:00:00,77.958,5.13,0.57
2016-04-15 14:00:00,77.634,5.78,0.57
2016-04-15 15:00:00,81.542,6.19,0.6
2016-04-15 16:00:00,87.551,2.92,0.57
2016-04-15 17:00:00,97.241,6.41,0.61
2016-04-15 18:00:00,77.464,3.51,0.58
2016-04-15 19:00:00,79.546,4.46,0.58
2016-04-15 20:00:00,83.442,6.34,0.59
2016-04-15 21:00:00,92.535,2.14,0.6
2016-04-15 22:00:00,199.137,3.05,0.57
2016-04-15 23:00:00,244.614,2.39,0.55
2016-04-16 00:00:00,79.936,5.02,0.56
2016-04-16 01:00:00,77.483,5.01,0.58
2016-04-16 02:00:00,97.387,4.62,0.56
2016-04-16 03:00:00,77.85,6.31,0.61
2016-04-16 04:00:00,78.116,5.05,0.61
2016-04-16 05:00:00,77.41,6.53,0.6
2016-04-16 06:00:00,102.592,6.69,0.61
2016-04-16 07:00:00,77.416,4.8,0.56
2016-04-16 08:00:00,103.174,6.24,0.6
2016-04-16 09:00:00,77.36,5.85,0.59
2016-04-16 10:00:00,80.023,5.2,0.59
2016-04-16 11:00:00,136.445,5.74,0.58
2016-04-16 00:00:00,78.657,4.91,0.58
2016-04-16 13:00:00,136.274,4.07,0.49
2016-04-16 14:00:00,144.631,5.07,0.6
2016-04-16 15:00:00,83.087,5.18,0.53
2016-04-16 16:00:00,219.799,2.04,0.58
2016-04-16 17:00:00,201.828,2.93,0.59
2016-04-16 18:00:00,241.262,2.23,0.55
2016-04-16 19:00:00,227.077,2.73,0.56
2016-04-16 20:00:00,224.439,2.74,0.58
2016-04-16 21:00:00,171.812,4.84,0.59
2016-04-16 22:00:00,277.199,3.14,0.58
2016-04-16 23:00:00,235.06,4.26,0.57
2016-04-17 00:00:00,80.031,6.07,0.6
2016-04-17 01:00:00,77.548,5.54,0.6
2016-04-17 02:00:00,77.597,6.24,0.6
2016-04-17 03:00:00,123.32,6.2,0.6
2016-04-17 04:00:00,77.09,6.4,0.46
2016-04-17 05:00:00,106.166,6.26,0.61
2016-04-17 06:00:00,77.995,5.84,0.59
2016-04-17 07:00:00,103.005,5.62,0.61
2016-04-17 08:00:00,102.079,6.45,0.61
2016-04-17 09:00:00,102.246,6.51,0.6
2016-04-17 10:00:00,,,
2016-04-17 11:00:00,117.573,5.51,0.55
2016-04-17 00:00:00,,,
2016-04-17 13:00:00,118.027,2.58,0.59
2016-04-17 14:00:00,219.134,0.55,0.52
2016-04-17 15:00:00,180.41,2.14,0.59
2016-04-17 16:00:00,142.373,4.55,0.58
2016-04-17 17:00:00,170.657,3.83,0.55
2016-04-17 18:00:00,118.193,2.14,0.57
2016-04-17 19:00:00,142.611,4.21,0.57
2016-04-17 20:00:00,956.781,1.8,0.52
2016-04-17 21:00:00,192.748,4.38,0.53
2016-04-17 22:00:00,90.095,2.72,0.53
2016-04-17 23:00:00,142.31,2.81,0.46
2016-04-18 00:00:00,169.218,4.21,0.53
2016-04-18 01:00:00,97.562,6.45,0.61
2016-04-18 02:00:00,108.004,5.17,0.59
2016-04-18 03:00:00,77.018,6.45,0.61
2016-04-18 04:00:00,102.29,6.34,0.6
2016-04-18 05:00:00,101.936,6.5,0.61
2016-04-18 06:00:00,102.573,6.37,0.61
2016-04-18 07:00:00,125.898,6.46,0.6
2016-04-18 08:00:00,122.946,5.97,0.6
2016-04-18 09:00:00,88.289,5.96,0.59
2016-04-18 10:00:00,80.01,4.19,0.58
2016-04-18 11:00:00,80.412,5.74,0.6
2016-04-18 00:00:00,78.328,5.75,0.61
2016-04-18 13:00:00,84.157,6.37,0.6
2016-04-18 14:00:00,77.55,5.94,0.59
2016-04-18 15:00:00,100.442,5.18,0.58
2016-04-18 16:00:00,120.813,4.83,0.55
2016-04-18 17:00:00,219.974,4.33,0.57
2016-04-18 18:00:00,210.117,4.77,0.56
2016-04-18 19:00:00,209.363,3.47,0.56
2016-04-18 20:00:00,78.522,6.05,0.58
2016-04-18 21:00:00,387.241,0.35,0.55
2016-04-18 22:00:00,1031.488,0.96,0.57
2016-04-18 23:00:00,504.415,4.38,0.58
2016-04-19 00:00:00,107.936,3.1,0.56
2016-04-19 01:00:00,180.543,4.41,0.59
2016-04-19 02:00:00,77.756,5.5,0.6
2016-04-19 03:00:00,102.684,6.52,0.6
2016-04-19 04:00:00,77.442,6.47,0.6
2016-04-19 05:00:00,77.081,6.48,0.6
2016-04-19 06:00:00,77.006,6.45,0.51
2016-04-19 07:00:00,102.058,6.02,0.6
2016-04-19 08:00:00,83.835,6.23,0.61
2016-04-19 09:00:00,77.236,5.99,0.59
2016-04-19 10:00:00,123.568,5.81,0.6
2016-04-19 11:00:00,239.321,2.33,0.58
2016-04-19 00:00:00,79.922,5.68,0.59
2016-04-19 13:00:00,112.796,6.14,0.59
2016-04-19 14:00:00,130.195,5.64,0.59
2016-04-19 15:00:00,174.88,1.44,0.58
2016-04-19 16:00:00,440.923,0.64,0.5
2016-04-19 17:00:00,201.521,1.71,0.53
2016-04-19 18:00:00,,,
2016-04-19 19:00:00,149.695,0.98,0.55
2016-04-19 20:00:00,455.395,0.52,0.49
2016-04-19 21:00:00,214.355,2.65,0.55
2016-04-19 22:00:00,155.165,4.21,0.59
2016-04-19 23:00:00,251.751,2.63,0.5
2016-04-20 00:00:00,77.445,5.7,0.58
2016-04-20 01:00:00,192.426,4.86,0.56
2016-04-20 02:00:00,101.463,5.53,0.61
2016-04-20 03:00:00,76.997,6.41,0.61
2016-04-20 04:00:00,101.527,6.36,0.6
2016-04-20 05:00:00,122.832,6.47,0.59
2016-04-20 06:00:00,102.395,6.38,0.61
2016-04-20 07:00:00,77.761,6.53,0.59
2016-04-20 08:00:00,101.795,6.39,0.61
2016-04-20 09:00:00,77.157,6.41,0.57
2016-04-20 10:00:00,112.732,6.51,0.61
2016-04-20 11:00:00,76.86,6.57,0.6
2016-04-20 00:00:00,76.744,6.1,0.6
2016-04-20 13:00:00,77.232,5.67,0.61
2016-04-20 14:00:00,77.104,6,0.59
2016-04-20 15:00:00,125.414,5.62,0.6
2016-04-20 16:00:00,77.41,6.43,0.36
2016-04-20 17:00:00,154.278,5.68,0.57
2016-04-20 18:00:00,361.741,1.93,0.54
2016-04-20 19:00:00,78.182,5.77,0.59
2016-04-20 21:00:00,274.791,0.84,0.53
2016-04-20 22:00:00,482.813,0.39,0.46
2016-04-20 23:00:00,344.951,5.21,0.54
2016-04-21 00:00:00,76.973,5.21,0.6
2016-04-21 01:00:00,77.532,4.3,0.59
2016-04-21 02:00:00,97.405,6.54,0.61
2016-04-21 03:00:00,78.163,6.47,0.61
2016-04-21 04:00:00,103.038,5.65,0.6
2016-04-21 05:00:00,78.399,5.64,0.59
2016-04-21 06:00:00,77.557,5.96,0.6
2016-04-21 07:00:00,102.062,6.31,0.6
2016-04-21 08:00:00,78.11,6.17,0.6
2016-04-21 09:00:00,77.19,6.25,0.59
2016-04-21 10:00:00,,,
2016-04-21 11:00:00,77.823,5.98,0.51
2016-04-21 00:00:00,77.771,5.81,0.57
2016-04-21 13:00:00,77.03,5.89,0.58
2016-04-21 14:00:00,76.459,6.53,0.59
2016-04-21 15:00:00,98.546,6.12,0.59
2016-04-21 16:00:00,133.997,4.53,0.51
2016-04-21 17:00:00,81.02,6.17,0.55
2016-04-21 18:00:00,102.448,5.08,0.55
2016-04-21 19:00:00,480.802,1.72,0.34
2016-04-21 20:00:00,99.136,3.61,0.59
2016-04-21 21:00:00,77.73,5.53,0.56
2016-04-21 22:00:00,167.505,4.19,0.51
2016-04-21 23:00:00,133.341,5.4,0.58
2016-04-22 00:00:00,78.305,5.94,0.57
2016-04-22 01:00:00,436.149,1.88,0.44
2016-04-22 02:00:00,76.459,5.94,0.6
2016-04-22 03:00:00,76.685,6.41,0.57
2016-04-22 04:00:00,77.152,6.61,0.61
2016-04-22 05:00:00,98.129,6.56,0.6
2016-04-22 06:00:00,77.309,6.61,0.59
2016-04-22 07:00:00,77.283,6.62,0.6
2016-04-22 08:00:00,77.258,6.51,0.6
2016-04-22 09:00:00,108.739,5.41,0.58
2016-04-22 10:00:00,98.585,5.82,0.57
2016-04-22 11:00:00,77.091,5.8,0.59
2016-04-22 00:00:00,77.96,6,0.59
2016-04-22 13:00:00,97.201,5.58,0.6
2016-04-22 14:00:00,77.477,6.2,0.59
2016-04-22 15:00:00,101.327,6.26,0.49
2016-04-22 16:00:00,119.397,5.39,0.51
2016-04-22 17:00:00,124.167,3.26,0.52
2016-04-22 18:00:00,76.762,3.74,0.58
2016-04-22 19:00:00,82.364,6.23,0.56
2016-04-22 20:00:00,77.341,3.52,0.58
2016-04-22 21:00:00,103.915,6.44,0.6
2016-04-22 22:00:00,97.557,2.98,0.55
2016-04-22 23:00:00,319.464,5.64,0.57
2016-04-23 00:00:00,1244.05,1.45,0.43
2016-04-23 01:00:00,78.885,6.61,0.59
2016-04-23 02:00:00,97.874,6.34,0.58
2016-04-23 03:00:00,97.252,5.82,0.6
2016-04-23 04:00:00,77.044,5.69,0.6
2016-04-23 05:00:00,84.311,6.31,0.56
2016-04-23 06:00:00,77.717,6.15,0.59
2016-04-23 07:00:00,77.464,6.25,0.59
2016-04-23 08:00:00,77.805,6.61,0.61
2016-04-23 09:00:00,81.793,6.49,0.6
2016-04-23 10:00:00,77.239,5.2,0.59
2016-04-23 11:00:00,77.927,6.56,0.57
2016-04-23 00:00:00,77.598,3.87,0.52
2016-04-23 13:00:00,77.286,6.15,0.55
2016-04-23 14:00:00,84.334,6.02,0.59
2016-04-23 15:00:00,77.487,3.42,0.58
2016-04-23 16:00:00,77.935,6.56,0.58
2016-04-23 17:00:00,911.49,5.51,0.61
2016-04-23 18:00:00,77.585,6.33,0.6
2016-04-23 19:00:00,97.648,6.63,0.6
2016-04-23 20:00:00,97.55,6.31,0.6
2016-04-23 21:00:00,98.555,6.3,0.61
2016-04-23 22:00:00,78.223,6.53,0.61
2016-04-23 23:00:00,106.067,4.69,0.55
2016-04-24 00:00:00,77.912,4.71,0.6
2016-04-24 01:00:00,77.241,5.86,0.55
2016-04-24 02:00:00,77.049,6.6,0.61
2016-04-24 03:00:00,77.948,6.55,0.6
2016-04-24 04:00:00,76.768,5.71,0.61
2016-04-24 05:00:00,77.353,6.51,0.6
2016-04-24 06:00:00,87.316,5.58,0.58
2016-04-24 07:00:00,78.059,6.07,0.58
2016-04-24 08:00:00,76.957,6.39,0.6
2016-04-24 09:00:00,77.089,6.54,0.6
2016-04-24 10:00:00,,,
2016-04-24 11:00:00,78.374,5.73,0.59
2016-04-24 00:00:00,141.545,3.96,0.52
2016-04-24 13:00:00,116.049,5.79,0.54
2016-04-24 14:00:00,77.037,6.05,0.61
2016-04-24 15:00:00,97.318,5.82,0.61
2016-04-24 16:00:00,96.917,5.86,0.59
2016-04-24 17:00:00,77.285,6.05,0.59
2016-04-24 18:00:00,96.838,5.14,0.6
2016-04-24 19:00:00,77.58,6.52,0.6
2016-04-24 20:00:00,99.063,2.66,0.58
2016-04-24 21:00:00,78.372,6.33,0.6
2016-04-24 22:00:00,77.33,2.74,0.57
2016-04-24 23:00:00,79.362,5.88,0.57
2016-04-25 00:00:00,77.154,6.42,0.58
2016-04-25 01:00:00,96.729,6.46,0.6
2016-04-25 02:00:00,78.506,6.57,0.61
2016-04-25 03:00:00,77.509,6.54,0.61
2016-04-25 04:00:00,77.169,6.64,0.61
2016-04-25 05:00:00,77.897,6.6,0.61
2016-04-25 06:00:00,78.531,6.58,0.59
2016-04-25 07:00:00,79.606,6.48,0.61
2016-04-25 08:00:00,76.714,6.13,0.61
2016-04-25 09:00:00,79.15,6.64,0.61
2016-04-25 10:00:00,,,
2016-04-25 11:00:00,77.45,6.23,0.61
2016-04-25 00:00:00,83.104,6.61,0.59
2016-04-25 13:00:00,76.736,6.42,0.59
2016-04-25 14:00:00,78.047,6.61,0.59
2016-04-25 15:00:00,105.499,2.31,0.5
2016-04-25 16:00:00,109.757,4.08,0.54
2016-04-25 17:00:00,77.346,5.52,0.58
2016-04-25 18:00:00,80.45,6.02,0.57
2016-04-25 19:00:00,77.959,6.57,0.59
2016-04-25 20:00:00,137.05,5.76,0.53
2016-04-25 21:00:00,124.075,3.65,0.54
2016-04-25 22:00:00,101.697,4.74,0.57
2016-04-25 23:00:00,78.176,4.34,0.59
2016-04-26 00:00:00,135.662,5.17,0.56
2016-04-26 01:00:00,85.331,5.54,0.59
2016-04-26 02:00:00,76.734,6.57,0.61
2016-04-26 03:00:00,77.372,6.61,0.61
2016-04-26 04:00:00,76.762,6.35,0.61
2016-04-26 05:00:00,77.228,6.57,0.6
2016-04-26 06:00:00,77.143,6.53,0.6
2016-04-26 07:00:00,157.709,6.45,0.59
2016-04-26 08:00:00,122.405,5.57,0.59
2016-04-26 09:00:00,83.621,4.59,0.58
2016-04-26 10:00:00,112.38,6.1,0.6
2016-04-26 11:00:00,122.95,6.54,0.59
2016-04-26 00:00:00,77.501,5.93,0.6
2016-04-26 13:00:00,96.921,6.26,0.58
2016-04-26 14:00:00,76.239,5.84,0.59
2016-04-26 15:00:00,159.552,4.06,0.54
2016-04-26 16:00:00,137.94,4.54,0.57
2016-04-26 17:00:00,132.969,6.2,0.54
2016-04-26 18:00:00,226.466,3.35,0.56
2016-04-26 19:00:00,107.934,1.94,0.57
2016-04-26 20:00:00,158.872,5.25,0.47
2016-04-26 21:00:00,102.129,5.25,0.57
2016-04-26 22:00:00,77.599,6.47,0.59
2016-04-26 23:00:00,99.231,3.98,0.56
2016-04-27 00:00:00,203.224,4.2,0.56
2016-04-27 01:00:00,97.62,4.53,0.6
2016-04-27 02:00:00,126.014,4.87,0.6
2016-04-27 03:00:00,78.18,5.95,0.6
2016-04-27 04:00:00,77.245,5.91,0.6
2016-04-27 05:00:00,78.214,6.5,0.6
2016-04-27 06:00:00,79.878,6.49,0.59
2016-04-27 07:00:00,81.02,4.99,0.56
2016-04-27 09:00:00,78.406,5.49,0.56
2016-04-27 10:00:00,77.106,6.19,0.57
2016-04-27 11:00:00,97.387,6.18,0.6
2016-04-27 00:00:00,96.577,6,0.59
2016-04-27 13:00:00,79.163,6.55,0.58
2016-04-27 16:00:00,97.004,5.81,0.59
2016-04-27 17:00:00,125.79,4.89,0.53
2016-04-27 18:00:00,114.634,3.01,0.55
2016-04-27 19:00:00,77.162,5.8,0.55
2016-04-27 20:00:00,227.551,1.76,0.59
2016-04-27 21:00:00,407.922,6.67,0.61
2016-04-27 22:00:00,912.454,5.46,0.59
2016-04-27 23:00:00,180.663,5.98,0.58
2016-04-28 00:00:00,85.417,5.77,0.57
2016-04-28 01:00:00,77.035,5.96,0.49
2016-04-28 02:00:00,98.579,6.49,0.59
2016-04-28 03:00:00,77.465,6.52,0.61
2016-04-28 04:00:00,78.311,6.65,0.62
2016-04-28 05:00:00,98.416,5.92,0.59
2016-04-28 06:00:00,77.164,6.63,0.58
2016-04-28 07:00:00,98.522,6.63,0.59
2016-04-28 08:00:00,77.177,5.61,0.59
2016-04-28 09:00:00,76.829,6.52,0.61
2016-04-28 10:00:00,,,
2016-04-28 11:00:00,84.302,6.08,0.59
2016-04-28 00:00:00,77.216,6.1,0.6
2016-04-28 13:00:00,77.795,3.25,0.57
2016-04-28 14:00:00,77.521,6.58,0.57
2016-04-28 15:00:00,96.778,0.36,0
2016-04-28 16:00:00,120.255,6.45,0.59
2016-04-28 17:00:00,80.315,4.71,0.55
2016-04-28 18:00:00,60.699,5.28,0.53
2016-04-28 19:00:00,138.66,1.28,0.51
2016-04-28 20:00:00,83.328,4.4,0.57
2016-04-28 21:00:00,60.821,5.46,0.58
2016-04-28 22:00:00,220.445,4.96,0.59
2016-04-28 23:00:00,231.683,3.55,0.52
2016-04-29 00:00:00,77.808,4.79,0.57
2016-04-29 01:00:00,97.757,1.77,0.44
2016-04-29 02:00:00,77.084,6.53,0.59
2016-04-29 03:00:00,102.293,6.57,0.6
2016-04-29 04:00:00,84.11,6.45,0.61
2016-04-29 05:00:00,101.479,6.51,0.6
2016-04-29 06:00:00,85.276,6.24,0.56
2016-04-29 07:00:00,77.567,5.87,0.6
2016-04-29 08:00:00,78.205,6.59,0.59
2016-04-29 09:00:00,97.932,6.53,0.6
2016-04-29 10:00:00,97.568,6.45,0.58
2016-04-29 11:00:00,77.893,5.9,0.56
2016-04-29 00:00:00,78.102,5.61,0.57
2016-04-29 13:00:00,78.17,6.59,0.6
2016-04-29 14:00:00,97.098,4.54,0.58
2016-04-29 15:00:00,97.816,6.63,0.61
2016-04-29 16:00:00,155.843,1.97,0.44
2016-04-29 17:00:00,97.972,6.66,0.59
2016-04-29 18:00:00,98.585,6.57,0.57
2016-04-29 19:00:00,78.75,5.48,0.55
2016-04-29 20:00:00,97.497,4.87,0.53
2016-04-29 21:00:00,78.659,5.33,0.56
2016-04-29 22:00:00,87.369,6.55,0.56
2016-04-29 23:00:00,97.704,6.1,0.56
2016-04-30 00:00:00,79.678,5.6,0.57
2016-04-30 01:00:00,122.937,5.63,0.58
2016-04-30 02:00:00,497.255,0.97,0.4
2016-04-30 03:00:00,398.65,2.21,0.45
2016-04-30 04:00:00,102.596,6.09,0.6
2016-04-30 05:00:00,107.282,6.51,0.59
2016-04-30 06:00:00,106.933,4.83,0.57
2016-04-30 07:00:00,102.563,6.44,0.61
2016-04-30 08:00:00,77.317,5.11,0.57
2016-04-30 09:00:00,83.208,6.03,0.58
2016-04-30 10:00:00,,,
2016-04-30 11:00:00,79.863,4.13,0.56
2016-04-30 00:00:00,,,
2016-04-30 13:00:00,125.596,6.36,0.58
2016-04-30 14:00:00,77.722,5.49,0.57
2016-04-30 15:00:00,226.772,4.07,0.44
2016-04-30 16:00:00,77.849,5.7,0.6
2016-04-30 17:00:00,80.524,4.99,0.58
2016-04-30 18:00:00,77.683,4.75,0.59
2016-04-30 19:00:00,414.377,2.46,0.5
2016-04-30 20:00:00,306.024,1.73,0.45
2016-04-30 21:00:00,268.484,3.9,0.48
2016-04-30 22:00:00,213.532,4.28,0.47
2016-04-30 23:00:00,77.831,5.64,0.58
2016-05-01 00:00:00,228.65,3.91,0.57
2016-05-01 01:00:00,124.343,4.68,0.56
2016-05-01 02:00:00,77.102,6.48,0.61
2016-05-01 03:00:00,77.214,6.4,0.56
2016-05-01 04:00:00,122.809,6.53,0.6
2016-05-01 05:00:00,134.683,5.6,0.59
2016-05-01 06:00:00,107.561,5.73,0.6
2016-05-01 07:00:00,102.817,6.4,0.59
2016-05-01 08:00:00,101.239,4.94,0.6
2016-05-01 09:00:00,109.631,5.47,0.6
2016-05-01 10:00:00,,,
2016-05-01 11:00:00,76.434,4.9,0.58
2016-05-01 00:00:00,426.782,1.9,0.47
2016-05-01 13:00:00,397.153,1.25,0.41
2016-05-01 14:00:00,133.572,4.94,0.6
2016-05-01 15:00:00,77.412,5.06,0.59
2016-05-01 16:00:00,1040.498,4.84,0.54
2016-05-01 17:00:00,78.517,4.97,0.57
2016-05-01 18:00:00,76.892,5.75,0.57
2016-05-01 19:00:00,205.346,5.96,0.58
2016-05-01 20:00:00,99.026,5.84,0.54
2016-05-01 21:00:00,194.042,6.5,0.57
2016-05-01 22:00:00,203.593,4.56,0.58
2016-05-01 23:00:00,77.505,3.03,0.56
2016-05-02 00:00:00,100.067,4.96,0.44
2016-05-02 01:00:00,226.792,5.8,0.57
2016-05-02 02:00:00,76.391,6.5,0.61
2016-05-02 03:00:00,77.297,6.37,0.58
2016-05-02 04:00:00,102.628,6.26,0.6
2016-05-02 05:00:00,102.928,6.57,0.61
2016-05-02 06:00:00,102.756,6.44,0.56
2016-05-02 07:00:00,119.953,5.42,0.58
2016-05-02 08:00:00,102.081,5.65,0.6
2016-05-02 09:00:00,77.358,6.08,0.6
2016-05-02 10:00:00,83.405,6.13,0.61
2016-05-02 11:00:00,77.981,6.51,0.6
2016-05-02 00:00:00,77.301,5.67,0.58
2016-05-02 14:00:00,96.778,6.49,0.61
2016-05-02 15:00:00,80.597,5.34,0.54
2016-05-02 16:00:00,202.75,4.87,0.57
2016-05-02 17:00:00,77.343,6.05,0.5
2016-05-02 18:00:00,78.395,5.3,0.58
2016-05-02 19:00:00,170.62,3.82,0.58
2016-05-02 20:00:00,77.372,5,0.58
2016-05-02 21:00:00,102.819,4.56,0.6
2016-05-02 22:00:00,76.935,5.64,0.57
2016-05-02 23:00:00,77.15,6.16,0.47
2016-05-03 00:00:00,123.58,6.24,0.59
2016-05-03 01:00:00,98.053,5.92,0.6
2016-05-03 02:00:00,77.266,6.54,0.47
2016-05-03 03:00:00,76.942,5.74,0.61
2016-05-03 04:00:00,77.005,5.78,0.6
2016-05-03 05:00:00,77.128,6.57,0.6
2016-05-03 06:00:00,100.202,6.12,0.59
2016-05-03 07:00:00,77.913,5.52,0.59
2016-05-03 08:00:00,133.574,4.22,0.58
2016-05-03 09:00:00,95.664,6.12,0.59
2016-05-03 10:00:00,77.107,6.47,0.56
2016-05-03 00:00:00,73.275,6.55,0.58
2016-05-03 13:00:00,69.789,6.4,0.6
2016-05-03 14:00:00,76.769,6.54,0.45
2016-05-03 15:00:00,70.242,6.51,0.59
2016-05-03 16:00:00,72.736,6.39,0.55
2016-05-03 17:00:00,92.668,3.9,0.57
2016-05-03 18:00:00,87.793,4.92,0.55
2016-05-03 19:00:00,74.851,1.41,0.53
2016-05-03 20:00:00,945.335,2.45,0.52
2016-05-03 21:00:00,328.896,6.3,0.59
2016-05-03 22:00:00,131.664,5.48,0.58
2016-05-03 23:00:00,386.368,2.17,0.4
2016-05-04 00:00:00,148.708,2.05,0.44
2016-05-04 01:00:00,192.173,3.82,0.44
2016-05-04 02:00:00,70.09,4.66,0.59
2016-05-04 03:00:00,70.401,6.6,0.59
2016-05-04 04:00:00,87.927,5.34,0.6
2016-05-04 05:00:00,70.704,6.57,0.58
2016-05-04 06:00:00,70.494,6.67,0.61
2016-05-04 07:00:00,70.919,6.68,0.6
2016-05-04 08:00:00,70.483,6.61,0.61
2016-05-04 09:00:00,70.458,6.54,0.59
2016-05-04 10:00:00,,,
2016-05-04 11:00:00,70.053,6.54,0.59
2016-05-04 00:00:00,70.921,6.6,0.58
2016-05-04 13:00:00,69.808,6.61,0.6
2016-05-04 14:00:00,70.257,6.63,0.59
2016-05-04 15:00:00,71.382,6.44,0.58
2016-05-04 16:00:00,88.966,5.62,0.56
2016-05-04 17:00:00,71.362,6.68,0.58
2016-05-04 18:00:00,96.644,2.89,0.56
2016-05-04 19:00:00,71.609,4.99,0.56
2016-05-04 20:00:00,90.109,6.44,0.58
2016-05-04 21:00:00,89.654,6.42,0.59
2016-05-04 22:00:00,70.026,5.2,0.6
2016-05-04 23:00:00,70.229,5.34,0.55
2016-05-05 00:00:00,70.595,6.17,0.58
2016-05-05 01:00:00,70.142,6.55,0.6
2016-05-05 02:00:00,70.269,6.62,0.6
2016-05-05 03:00:00,70.049,6.64,0.6
2016-05-05 04:00:00,70.602,6.56,0.6
2016-05-05 05:00:00,70.744,6.61,0.6
2016-05-05 06:00:00,70.426,6.22,0.6
2016-05-05 07:00:00,70.338,4.59,0.6
2016-05-05 08:00:00,114.09,5.68,0.55
2016-05-05 09:00:00,70.294,6.46,0.6
2016-05-05 10:00:00,,,
2016-05-05 11:00:00,73.969,6.17,0.58
2016-05-05 00:00:00,72.521,5.89,0.59
2016-05-05 13:00:00,88.538,6.15,0.59
2016-05-05 14:00:00,70.642,5.07,0.58
2016-05-05 15:00:00,70.138,6.12,0.58
2016-05-05 16:00:00,70.823,6.67,0.61
2016-05-05 17:00:00,87.772,6.67,0.61
2016-05-05 18:00:00,88.368,6.29,0.6
2016-05-05 19:00:00,70.236,3.72,0.59
2016-05-05 20:00:00,904.452,6.42,0.59
2016-05-05 21:00:00,70.039,6.59,0.6
2016-05-05 22:00:00,70.073,5.71,0.61
2016-05-05 23:00:00,70.688,6.67,0.27
2016-05-06 00:00:00,70.864,6.11,0.6
2016-05-06 01:00:00,91.36,6.69,0.6
2016-05-06 02:00:00,69.901,6.68,0.59
2016-05-06 03:00:00,69.968,5.89,0.61
2016-05-06 04:00:00,73.617,5.92,0.6
2016-05-06 05:00:00,72.471,6.6,0.61
2016-05-06 06:00:00,70.02,6.56,0.57
2016-05-06 07:00:00,71.219,6.67,0.59
2016-05-06 08:00:00,70.625,6.52,0.6
2016-05-06 09:00:00,70.15,6.55,0.59
2016-05-06 10:00:00,70.104,6.51,0.6
2016-05-06 11:00:00,70.122,4.94,0.55
2016-05-06 00:00:00,351.035,1.6,0.41
2016-05-06 13:00:00,332.499,1.8,0.43
2016-05-06 14:00:00,116.367,4.47,0.5
2016-05-06 15:00:00,223.307,3.26,0.46
2016-05-06 16:00:00,89.944,1.61,0.47
2016-05-06 17:00:00,210.32,2.01,0.44
2016-05-06 18:00:00,408.359,4.18,0.58
2016-05-06 19:00:00,117.897,3.54,0.46
2016-05-06 20:00:00,70.055,5.2,0.57
2016-05-06 21:00:00,75.418,6.33,0.58
2016-05-06 22:00:00,117.101,4.08,0.55
2016-05-06 23:00:00,70.441,4.05,0.54
2016-05-07 00:00:00,71.519,5.97,0.59
2016-05-07 01:00:00,88.51,6.38,0.6
2016-05-07 02:00:00,70.457,5.79,0.59
2016-05-07 03:00:00,70.583,6.62,0.6
2016-05-07 04:00:00,81.126,6.66,0.61
2016-05-07 05:00:00,70.109,6.67,0.61
2016-05-07 06:00:00,71.027,6.65,0.61
2016-05-07 07:00:00,71.194,6.64,0.59
2016-05-07 08:00:00,72.245,6.65,0.61
2016-05-07 09:00:00,70.622,6.57,0.6
2016-05-07 10:00:00,,,
2016-05-07 11:00:00,70.579,5.86,0.6
2016-05-07 00:00:00,75.097,5.23,0.57
2016-05-07 13:00:00,73.295,5.97,0.61
2016-05-07 14:00:00,89.885,6.19,0.6
2016-05-07 15:00:00,70.679,6.39,0.45
2016-05-07 16:00:00,71.262,5.55,0.6
2016-05-07 17:00:00,87.049,3.58,0.55
2016-05-07 18:00:00,71.716,6.08,0.56
2016-05-07 19:00:00,88.528,6.65,0.58
2016-05-07 20:00:00,71.665,6.12,0.51
2016-05-07 21:00:00,69.902,5.35,0.61
2016-05-07 22:00:00,70.112,6.49,0.6
2016-05-07 23:00:00,75.015,2.24,0.59
2016-05-09 00:00:00,,,
2016-05-09 01:00:00,89.012,5.85,0.6
2016-05-09 02:00:00,71.487,5.63,0.6
2016-05-09 03:00:00,88.352,6.59,0.61
2016-05-09 04:00:00,69.963,6.19,0.6
2016-05-09 05:00:00,70.865,6.59,0.6
2016-05-09 06:00:00,70.738,6.6,0.6
2016-05-09 07:00:00,70.472,6.1,0.6
2016-05-09 08:00:00,114.672,4.92,0.56
2016-05-09 09:00:00,70.697,6.65,0.61
2016-05-09 10:00:00,70.362,6.56,0.61
2016-05-09 11:00:00,70.562,5.39,0.59
2016-05-09 00:00:00,142.007,6.34,0.58
2016-05-09 14:00:00,195.695,4.98,0.58
2016-05-09 15:00:00,123.792,5.88,0.56
2016-05-09 16:00:00,127.753,5.56,0.51
2016-05-09 17:00:00,181.527,3.15,0.56
2016-05-09 18:00:00,207.708,4.97,0.58
2016-05-09 19:00:00,110.874,6.22,0.53
2016-05-09 20:00:00,924.466,2.23,0.6
2016-05-09 21:00:00,198.994,5.52,0.58
2016-05-09 22:00:00,78.11,4.67,0.61
2016-05-10 00:00:00,146.381,2.81,0.55
2016-05-10 01:00:00,77.247,5.98,0.56
2016-05-10 02:00:00,77.762,4.9,0.58
2016-05-10 03:00:00,77.533,5.79,0.61
2016-05-10 04:00:00,102.862,6.19,0.59
2016-05-10 05:00:00,81.037,6.34,0.6
2016-05-10 06:00:00,102.488,6.55,0.6
2016-05-10 07:00:00,102.515,4.94,0.58
2016-05-10 08:00:00,79.447,5.01,0.59
2016-05-10 09:00:00,76.993,6.57,0.59
2016-05-10 10:00:00,,,
2016-05-10 11:00:00,78.341,5.99,0.6
2016-05-10 00:00:00,77.356,3.78,0.59
2016-05-10 13:00:00,192.089,6.04,0.58
2016-05-10 14:00:00,,,
2016-05-10 15:00:00,122.528,4.44,0.56
2016-05-10 16:00:00,207.905,5.11,0.55
2016-05-10 17:00:00,1052.373,4.42,0.58
2016-05-10 18:00:00,103.874,2.82,0.57
2016-05-10 19:00:00,210.653,1.83,0.59
2016-05-10 20:00:00,87.902,5.27,0.59
2016-05-10 21:00:00,270.822,3.08,0.52
2016-05-10 22:00:00,78.793,3.76,0.6
2016-05-10 23:00:00,205.511,2.07,0.59
2016-05-11 00:00:00,220.427,4.15,0.57
2016-05-11 01:00:00,209.204,3.74,0.56
2016-05-11 02:00:00,77.416,6.35,0.58
2016-05-11 03:00:00,85.81,5.5,0.59
2016-05-11 04:00:00,102.055,6.55,0.62
2016-05-11 05:00:00,104.048,6.54,0.6
2016-05-11 06:00:00,102.679,6.35,0.6
2016-05-11 07:00:00,102.765,3.17,0.59
2016-05-11 08:00:00,83.321,6.26,0.59
2016-05-11 09:00:00,126.264,4.35,0.61
2016-05-11 10:00:00,77.962,6.5,0.59
2016-05-11 11:00:00,77.147,6.26,0.61
2016-05-11 00:00:00,97.71,5.75,0.48
2016-05-11 13:00:00,97.849,6.29,0.6
2016-05-11 14:00:00,191.014,5.12,0.6
2016-05-11 15:00:00,99.642,5.1,0.6
2016-05-11 16:00:00,,,
2016-05-11 17:00:00,97.026,5.57,0.6
2016-05-11 18:00:00,131.122,6.03,0.6
2016-05-11 19:00:00,297.453,1.03,0.39
2016-05-11 20:00:00,357.03,1.24,0.41
2016-05-11 21:00:00,260.626,1.84,0.5
2016-05-11 22:00:00,203.591,1.75,0.57
2016-05-11 23:00:00,202.891,5.49,0.58
2016-05-12 00:00:00,1037.228,4.41,0.57
2016-05-12 01:00:00,130.273,5.8,0.57
2016-05-12 02:00:00,79.531,5.32,0.6
2016-05-12 03:00:00,77.695,6.54,0.61
2016-05-12 04:00:00,77.244,6.59,0.57
2016-05-12 05:00:00,102.881,5.19,0.6
2016-05-12 06:00:00,77.029,6.21,0.59
2016-05-12 07:00:00,123.89,5.85,0.6
2016-05-12 08:00:00,102.239,5.56,0.59
2016-05-12 09:00:00,77.501,6.51,0.6
2016-05-12 10:00:00,102.765,3.44,0.57
2016-05-12 11:00:00,,,
2016-05-12 00:00:00,98.601,2.96,0.59
2016-05-12 13:00:00,79.271,2.17,0.42
2016-05-12 14:00:00,,,
2016-05-12 15:00:00,77.899,4.55,0.59
2016-05-12 16:00:00,213.326,3.14,0.48
2016-05-12 17:00:00,126.447,5.65,0.53
2016-05-12 18:00:00,938.858,3.56,0.53
2016-05-12 19:00:00,242.184,2.49,0.52
2016-05-12 20:00:00,227.431,1.86,0.56
2016-05-12 21:00:00,922.347,1.22,0.5
2016-05-12 22:00:00,77.529,4.39,0.58
2016-05-12 23:00:00,302.54,1.32,0.42
2016-05-13 00:00:00,229.253,2.78,0.56
2016-05-13 01:00:00,77.295,5.13,0.59
2016-05-13 02:00:00,77.497,5.53,0.47
2016-05-13 03:00:00,76.924,6.33,0.6
2016-05-13 04:00:00,76.86,6.56,0.61
2016-05-13 05:00:00,77.53,6.36,0.6
2016-05-13 06:00:00,77.254,6.54,0.59
2016-05-13 07:00:00,77.047,6.24,0.6
2016-05-13 08:00:00,144.458,5.61,0.56
2016-05-13 09:00:00,78.15,6.34,0.59
2016-05-13 10:00:00,,,
2016-05-13 11:00:00,77.463,5.42,0.59
2016-05-13 00:00:00,76.898,5.15,0.57
2016-05-13 13:00:00,126.384,5.46,0.58
2016-05-13 14:00:00,77.213,6.16,0.58
2016-05-13 15:00:00,97.494,6.31,0.61
2016-05-13 16:00:00,97.133,5.67,0.57
2016-05-13 17:00:00,77.63,2.99,0.52
2016-05-13 18:00:00,77.173,3.15,0.58
2016-05-13 19:00:00,77.244,2.08,0.6
2016-05-13 20:00:00,918.65,1.42,0.58
2016-05-13 21:00:00,77.314,2.67,0.6
2016-05-13 22:00:00,97.341,5.9,0.6
2016-05-13 23:00:00,77.66,2.14,0.61
2016-05-14 00:00:00,76.705,2.82,0.6
2016-05-14 01:00:00,77.754,5.71,0.59
2016-05-14 02:00:00,77.917,6.66,0.59
2016-05-14 03:00:00,77.907,6.52,0.6
2016-05-14 04:00:00,77.285,6.33,0.61
2016-05-14 05:00:00,78.617,6.65,0.6
2016-05-14 06:00:00,77.516,6.51,0.61
2016-05-14 07:00:00,77.89,5.71,0.6
2016-05-14 08:00:00,77.187,5.12,0.57
2016-05-14 09:00:00,76.683,6.44,0.61
2016-05-14 10:00:00,,,
2016-05-14 11:00:00,132.009,6.13,0.59
2016-05-14 00:00:00,,,
2016-05-14 13:00:00,77.594,4.96,0.59
2016-05-14 14:00:00,189.764,2.9,0.55
2016-05-14 15:00:00,97.534,6.64,0.61
2016-05-14 16:00:00,,,
2016-05-14 17:00:00,77.528,5.36,0.6
2016-05-14 18:00:00,139.224,4.11,0.59
2016-05-14 19:00:00,190.806,1.3,0.59
2016-05-14 20:00:00,98.876,5.71,0.6
2016-05-14 21:00:00,201.373,1.86,0.57
2016-05-14 22:00:00,124.576,2.12,0.6
2016-05-14 23:00:00,191.377,5.5,0.58
2016-05-15 00:00:00,99.115,4.18,0.55
2016-05-15 01:00:00,121.607,6.56,0.6
2016-05-15 02:00:00,77.77,6.54,0.61
2016-05-15 03:00:00,77.905,6.4,0.61
2016-05-15 04:00:00,78.28,6.67,0.6
2016-05-15 05:00:00,77.174,6.62,0.61
2016-05-15 06:00:00,97.661,5.82,0.6
2016-05-15 07:00:00,116.31,6.44,0.6
2016-05-15 08:00:00,77.318,6.57,0.6
2016-05-15 09:00:00,78.245,6.53,0.61
2016-05-15 10:00:00,77.71,6.64,0.6
2016-05-15 11:00:00,99.514,6.12,0.57
2016-05-15 00:00:00,104.517,5.59,0.58
2016-05-15 13:00:00,140.08,1.79,0.51
2016-05-15 14:00:00,932.097,6.52,0.6
2016-05-15 15:00:00,77.616,3.07,0.57
2016-05-15 16:00:00,109.247,3.92,0.58
2016-05-15 17:00:00,95.177,6.04,0.54
2016-05-15 18:00:00,932.034,0.87,0.59
2016-05-15 19:00:00,944.928,1.82,0.58
2016-05-15 20:00:00,98.556,1.98,0.61
2016-05-15 21:00:00,77.468,5.01,0.5
2016-05-15 22:00:00,,,
2016-05-15 23:00:00,99.832,1.53,0.46
2016-05-16 00:00:00,97.396,6.61,0.61
2016-05-16 01:00:00,169.568,4.73,0.6
2016-05-16 02:00:00,80.285,6.59,0.58
2016-05-16 03:00:00,77.577,6.34,0.58
2016-05-16 04:00:00,76.874,6.32,0.6
2016-05-16 05:00:00,77.256,6.64,0.61
2016-05-16 06:00:00,77.002,5.87,0.6
2016-05-16 07:00:00,77.515,5.76,0.59
2016-05-16 08:00:00,77.056,6.61,0.6
2016-05-16 09:00:00,77.796,6.33,0.6
2016-05-16 10:00:00,96.895,6.15,0.59
2016-05-16 11:00:00,80.032,6.48,0.61
2016-05-16 00:00:00,81.614,2.74,0.59
2016-05-16 13:00:00,925.21,6.36,0.6
2016-05-16 14:00:00,97.456,6.65,0.61
2016-05-16 15:00:00,79.041,4.42,0.61
2016-05-16 16:00:00,226.324,2.61,0.42
2016-05-16 17:00:00,932.393,5.71,0.59
2016-05-16 18:00:00,79.745,2.87,0.6
2016-05-16 19:00:00,151.698,2.73,0.53
2016-05-16 20:00:00,97.22,2.23,0.61
2016-05-16 21:00:00,513.244,5.62,0.6
2016-05-16 22:00:00,1866.589,4.38,0.51
2016-05-16 23:00:00,256.012,3.45,0.57
2016-05-17 00:00:00,211.626,2.98,0.49
2016-05-17 01:00:00,214.245,3.52,0.57
2016-05-17 02:00:00,76.903,3.79,0.61
2016-05-17 03:00:00,76.959,6.08,0.59
2016-05-17 04:00:00,169.607,5.39,0.55
2016-05-17 05:00:00,130.378,6.48,0.6
2016-05-17 06:00:00,119.734,5.21,0.6
2016-05-17 07:00:00,,,
2016-05-17 08:00:00,119.815,4.52,0.59
2016-05-17 09:00:00,80.238,6.52,0.59
2016-05-17 10:00:00,77.649,6.03,0.6
2016-05-17 11:00:00,180.177,5.88,0.58
2016-05-17 00:00:00,203.463,5.6,0.58
2016-05-17 13:00:00,201.889,4.84,0.59
2016-05-17 14:00:00,,,
2016-05-17 15:00:00,205.264,6.07,0.59
2016-05-17 16:00:00,923.624,3.64,0.47
2016-05-17 17:00:00,189.356,3.14,0.59
2016-05-17 18:00:00,191.573,4.37,0.56
2016-05-17 19:00:00,77.715,2.34,0.59
2016-05-17 20:00:00,260.732,1.95,0.57
2016-05-17 21:00:00,1039.321,1.3,0.56
2016-05-17 22:00:00,911.747,4.48,0.58
2016-05-17 23:00:00,153.015,4.59,0.55
2016-05-18 00:00:00,193.201,2.49,0.57
2016-05-18 01:00:00,169.47,2.56,0.56
2016-05-18 02:00:00,178.985,5.65,0.59
2016-05-18 03:00:00,78.033,5.25,0.58
2016-05-18 04:00:00,76.635,5.56,0.59
2016-05-18 05:00:00,178.925,6.32,0.59
2016-05-18 06:00:00,178.065,5.03,0.59
2016-05-18 07:00:00,116.518,6.35,0.58
2016-05-18 08:00:00,181.624,5.69,0.59
2016-05-18 09:00:00,77.028,6.51,0.61
2016-05-18 10:00:00,,,
2016-05-18 11:00:00,106.658,3.02,0.58
2016-05-18 00:00:00,529.402,1.12,0.38
2016-05-18 13:00:00,642.9,1.06,0.34
2016-05-18 14:00:00,,,
2016-05-18 15:00:00,77.344,5.64,0.53
2016-05-18 16:00:00,264.376,3.85,0.52
2016-05-18 17:00:00,915.601,2.74,0.58
2016-05-18 18:00:00,439.875,6.34,0.59
2016-05-18 19:00:00,271.755,0.86,0.38
2016-05-18 20:00:00,1037.578,3.04,0.57
2016-05-18 21:00:00,78.493,1.41,0.59
2016-05-18 22:00:00,,,
2016-05-18 23:00:00,81.462,2.8,0.55
2016-05-19 00:00:00,259.977,3.86,0.59
2016-05-19 01:00:00,77.651,5.65,0.56
2016-05-19 02:00:00,78.005,6.57,0.6
2016-05-19 03:00:00,118.882,6.5,0.61
2016-05-19 04:00:00,76.574,6.55,0.6
2016-05-19 05:00:00,115.23,6.52,0.61
2016-05-19 06:00:00,77.385,5.17,0.6
2016-05-19 07:00:00,85.662,5.82,0.59
2016-05-19 08:00:00,82.111,5.36,0.55
2016-05-19 09:00:00,130.691,6.19,0.61
2016-05-19 10:00:00,,,
2016-05-19 11:00:00,179.86,3.77,0.58
2016-05-19 00:00:00,148.759,5.99,0.61
2016-05-19 13:00:00,131.253,6.44,0.6
2016-05-19 14:00:00,,,
2016-05-19 15:00:00,199.982,4.85,0.6
2016-05-19 16:00:00,198.03,3.81,0.6
2016-05-19 17:00:00,917.675,1.52,0.57
2016-05-19 18:00:00,77.451,1.94,0.55
2016-05-19 19:00:00,1305.462,1.27,0.5
2016-05-19 20:00:00,454.108,1.21,0.54
2016-05-19 21:00:00,83.023,5.07,0.51
2016-05-19 22:00:00,112.136,3.04,0.58
2016-05-19 23:00:00,912.293,2.05,0.47
2016-05-20 00:00:00,77.634,3.05,0.57
2016-05-20 01:00:00,126.12,6.2,0.58
2016-05-20 02:00:00,78.034,6.01,0.58
2016-05-20 03:00:00,77.478,6.47,0.6
2016-05-20 04:00:00,77.454,6.54,0.58
2016-05-20 05:00:00,77.475,6.35,0.6
2016-05-20 06:00:00,77.955,6.33,0.6
2016-05-20 07:00:00,123.309,6.53,0.6
2016-05-20 08:00:00,77.392,6.25,0.59
2016-05-20 09:00:00,102.989,6.31,0.59
2016-05-20 10:00:00,77.723,6.43,0.46
2016-05-20 11:00:00,96.861,5.41,0.6
2016-05-20 00:00:00,256.957,2.6,0.58
2016-05-20 13:00:00,102.629,6.23,0.55
2016-05-20 14:00:00,79.269,6.52,0.6
2016-05-20 15:00:00,167.887,6.39,0.59
2016-05-20 16:00:00,98.382,3.33,0.58
2016-05-20 17:00:00,78.915,3.81,0.57
2016-05-20 18:00:00,920.007,4,0.56
2016-05-20 19:00:00,91.174,3.74,0.59
2016-05-20 20:00:00,78.953,5.18,0.6
2016-05-20 21:00:00,1017.575,5.45,0.58
2016-05-20 22:00:00,1103.03,2.9,0.57
2016-05-20 23:00:00,147.19,2.9,0.59
2016-05-21 00:00:00,190.446,5.55,0.6
2016-05-21 01:00:00,77.579,6.34,0.61
2016-05-21 02:00:00,77.201,6.55,0.6
2016-05-21 03:00:00,77.085,6.61,0.61
2016-05-21 04:00:00,101.884,6.37,0.61
2016-05-21 05:00:00,77.689,5.15,0.45
2016-05-21 06:00:00,102.352,6.1,0.61
2016-05-21 07:00:00,,,
2016-05-21 08:00:00,77.624,6.54,0.61
2016-05-21 09:00:00,135.25,5.52,0.58
2016-05-21 10:00:00,132.883,5.14,0.6
2016-05-21 11:00:00,267.203,2.67,0.58
2016-05-21 00:00:00,,,
2016-05-21 13:00:00,197.838,4.55,0.59
2016-05-21 14:00:00,138.472,6,0.61
2016-05-21 15:00:00,101.835,3.03,0.6
2016-05-21 16:00:00,,,
2016-05-21 17:00:00,97.697,6.06,0.61
2016-05-21 18:00:00,79.74,6.59,0.49
2016-05-21 19:00:00,152.136,6.52,0.61
2016-05-21 20:00:00,163.524,4.43,0.57
2016-05-21 21:00:00,85.736,4.75,0.6
2016-05-21 22:00:00,334.897,1.09,0.56
2016-05-21 23:00:00,1053.572,3.34,0.59
2016-05-22 00:00:00,268.439,3.28,0.59
2016-05-22 01:00:00,185.157,4.25,0.6
2016-05-22 02:00:00,123.419,5.68,0.59
2016-05-22 03:00:00,77.716,6.59,0.48
2016-05-22 04:00:00,98.745,5.19,0.61
2016-05-22 05:00:00,77.206,6.55,0.61
2016-05-22 06:00:00,102.896,6.58,0.6
2016-05-22 07:00:00,76.849,6.41,0.61
2016-05-22 08:00:00,101.068,6.37,0.6
2016-05-22 09:00:00,78.836,4.41,0.59
2016-05-22 10:00:00,83.324,5.75,0.6
2016-05-22 11:00:00,77.142,6.36,0.6
2016-05-22 00:00:00,77.857,5.37,0.6
2016-05-22 13:00:00,102.394,2.97,0.61
2016-05-22 14:00:00,912.178,1.5,0.6
2016-05-22 15:00:00,258.655,1.95,0.59
2016-05-22 16:00:00,257.954,4.06,0.58
2016-05-22 17:00:00,454.951,1.83,0.56
2016-05-22 18:00:00,1781.16,1.42,0.6
2016-05-22 19:00:00,76.839,5.1,0.57
2016-05-22 20:00:00,,,
2016-05-22 21:00:00,183.168,2.04,0.53
2016-05-22 22:00:00,82.412,4.1,0.57
2016-05-22 23:00:00,931.342,4.92,0.52
2016-05-23 00:00:00,,,
2016-05-23 01:00:00,142.118,5.94,0.6
2016-05-23 02:00:00,77.045,5.44,0.6
2016-05-23 03:00:00,77.284,5.76,0.59
2016-05-23 04:00:00,78.293,4.94,0.61
2016-05-23 05:00:00,77.069,6.53,0.61
2016-05-23 06:00:00,77.056,6.57,0.6
2016-05-23 07:00:00,77.336,5.7,0.6
2016-05-23 08:00:00,76.415,6.34,0.61
2016-05-23 09:00:00,76.944,6.53,0.61
2016-05-23 10:00:00,,,
2016-05-23 11:00:00,112.982,6.29,0.57
2016-05-23 00:00:00,179.912,1.86,0.53
2016-05-23 13:00:00,121.035,5.37,0.57
2016-05-23 14:00:00,77.269,5.63,0.6
2016-05-23 15:00:00,82.503,3.99,0.59
2016-05-23 16:00:00,258.172,2.3,0.5
2016-05-23 17:00:00,99.586,2.15,0.58
2016-05-23 18:00:00,192.535,5.35,0.6
2016-05-23 19:00:00,241.061,1.75,0.51
2016-05-23 20:00:00,970.456,2.53,0.57
2016-05-23 21:00:00,133.875,5.46,0.6
2016-05-23 22:00:00,164.809,4,0.6
2016-05-23 23:00:00,956.967,4.9,0.58
2016-05-24 00:00:00,112.558,5.93,0.58
2016-05-24 01:00:00,80.967,6.4,0.59
2016-05-24 02:00:00,78.226,6.71,0.61
2016-05-24 03:00:00,77.844,6.63,0.61
2016-05-24 04:00:00,77.45,6.56,0.55
2016-05-24 05:00:00,90.212,6.51,0.6
2016-05-24 06:00:00,76.933,6.31,0.59
2016-05-24 07:00:00,76.661,6.41,0.61
2016-05-24 08:00:00,78.162,6.29,0.59
2016-05-24 09:00:00,77.456,6.33,0.59
2016-05-24 10:00:00,78.275,5.64,0.58
2016-05-24 11:00:00,105.481,5.68,0.58
2016-05-24 00:00:00,77.279,5.73,0.5
2016-05-24 13:00:00,80.814,6.32,0.6
2016-05-24 14:00:00,,,
2016-05-24 15:00:00,125.067,5.14,0.59
2016-05-24 16:00:00,99.841,6.57,0.61
2016-05-24 17:00:00,97.206,4.3,0.59
2016-05-24 18:00:00,79.195,3.52,0.57
2016-05-24 19:00:00,924.042,5.46,0.52
2016-05-24 20:00:00,101.016,5.83,0.6
2016-05-24 21:00:00,1820.637,1.98,0.52
2016-05-24 22:00:00,96.915,4.81,0.58
2016-05-24 23:00:00,211.26,5.41,0.57
2016-05-25 00:00:00,932.787,3.48,0.56
2016-05-25 01:00:00,84.746,4.66,0.58
2016-05-25 02:00:00,76.821,5.84,0.61
2016-05-25 03:00:00,77.147,6.57,0.61
2016-05-25 04:00:00,76.978,6.42,0.61
2016-05-25 05:00:00,77.059,6.56,0.61
2016-05-25 06:00:00,77.628,6.59,0.6
2016-05-25 07:00:00,100.838,6.5,0.6
2016-05-25 08:00:00,80.462,6.32,0.58
2016-05-25 09:00:00,78.302,5.69,0.57
2016-05-25 10:00:00,,,
2016-05-25 11:00:00,95.243,4.3,0.57
2016-05-25 00:00:00,112.082,5.56,0.58
2016-05-25 13:00:00,78.821,3.33,0.51
2016-05-25 14:00:00,78.135,4.95,0.57
2016-05-25 15:00:00,95.976,4.53,0.61
2016-05-25 16:00:00,194.455,5.1,0.59
2016-05-25 17:00:00,111.267,5.35,0.6
2016-05-25 18:00:00,96.434,4.4,0.54
2016-05-25 19:00:00,101.079,2.53,0.55
2016-05-25 20:00:00,934.983,3.23,0.58
2016-05-25 21:00:00,932.597,2.96,0.59
2016-05-25 22:00:00,101.361,5.04,0.44
2016-05-25 23:00:00,,,
2016-05-26 00:00:00,95.605,2.11,0.59
2016-05-26 01:00:00,94.229,6.32,0.55
2016-05-26 02:00:00,98.877,2.63,0.52
2016-05-26 03:00:00,78.7,6.45,0.6
2016-05-26 04:00:00,77.188,6.03,0.56
2016-05-26 05:00:00,76.88,5.98,0.6
2016-05-26 06:00:00,77.552,6.52,0.58
2016-05-26 07:00:00,,,
2016-05-26 08:00:00,77.886,5.56,0.6
2016-05-26 09:00:00,76.927,6.43,0.55
2016-05-26 10:00:00,78.137,6.44,0.61
2016-05-26 11:00:00,135.729,5.32,0.59
2016-05-26 00:00:00,103.839,1.61,0.58
2016-05-26 13:00:00,101.501,2.33,0.52
2016-05-26 14:00:00,120.446,6.16,0.57
2016-05-26 15:00:00,115.508,4.76,0.53
2016-05-26 16:00:00,125.951,4.63,0.5
2016-05-26 17:00:00,150.245,4.47,0.56
2016-05-26 18:00:00,936.532,6.16,0.6
2016-05-26 19:00:00,118.959,3.82,0.55
2016-05-26 20:00:00,107.25,5.38,0.57
2016-05-26 21:00:00,101.25,4.07,0.6
2016-05-26 22:00:00,,,
2016-05-26 23:00:00,936.565,5.09,0.57
2016-05-27 00:00:00,,,
2016-05-27 01:00:00,97.475,5.91,0.59
2016-05-27 02:00:00,,,
2016-05-27 03:00:00,76.79,6.41,0.6
2016-05-27 04:00:00,76.758,5.94,0.61
2016-05-27 05:00:00,77.528,6.33,0.6
2016-05-27 06:00:00,76.271,6.5,0.6
2016-05-27 07:00:00,78.642,6.67,0.61
2016-05-27 08:00:00,95.825,4.93,0.57
2016-05-27 09:00:00,79.262,6.45,0.6
2016-05-27 10:00:00,96.376,6.3,0.59
2016-05-27 11:00:00,78.834,6.52,0.6
2016-05-27 00:00:00,96.578,2.32,0.58
2016-05-27 13:00:00,111.664,6.51,0.57
2016-05-27 14:00:00,86.584,6.07,0.49
2016-05-27 15:00:00,78.052,5.7,0.36
2016-05-27 16:00:00,115.787,3.71,0.53
2016-05-27 17:00:00,181.033,2.49,0.57
2016-05-27 18:00:00,226.231,3.06,0.54
2016-05-27 19:00:00,193.066,4.8,0.59
2016-05-27 20:00:00,78.995,5.65,0.54
2016-05-27 21:00:00,76.878,2.16,0.56
2016-05-27 22:00:00,931.816,6.42,0.59
2016-05-27 23:00:00,79.204,1.93,0.59
2016-05-28 00:00:00,77.671,3.54,0.6
2016-05-28 01:00:00,96.985,5.97,0.59
2016-05-28 02:00:00,77.269,6.27,0.58
2016-05-28 03:00:00,77.198,6.59,0.6
2016-05-28 04:00:00,115.529,6.47,0.6
2016-05-28 05:00:00,81.22,5.71,0.61
2016-05-28 06:00:00,,,
2016-05-28 07:00:00,76.909,6.6,0.61
2016-05-28 08:00:00,77.724,6.61,0.6
2016-05-28 09:00:00,77.391,5.81,0.6
2016-05-28 10:00:00,100.878,5.55,0.6
2016-05-28 11:00:00,97.921,5.69,0.58
2016-05-28 00:00:00,214.856,4.85,0.56
2016-05-28 13:00:00,119.736,5.74,0.59
2016-05-28 14:00:00,,,
2016-05-28 15:00:00,80.493,5.8,0.61
2016-05-28 16:00:00,,,
2016-05-28 17:00:00,100.444,2.18,0.58
2016-05-28 18:00:00,933.971,6.01,0.6
2016-05-28 19:00:00,109.83,5.03,0.58
2016-05-28 20:00:00,97.404,5.6,0.6
2016-05-28 21:00:00,952.437,5.16,0.5
2016-05-28 22:00:00,,,
2016-05-28 23:00:00,97.863,4.97,0.58
2016-05-29 00:00:00,84.811,6.06,0.58
2016-05-29 01:00:00,76.499,5.57,0.51
2016-05-29 02:00:00,77.41,6.05,0.6
2016-05-29 03:00:00,77.243,6.45,0.58
2016-05-29 04:00:00,76.771,6.47,0.6
2016-05-29 05:00:00,77.124,6.54,0.6
2016-05-29 06:00:00,76.28,5.29,0.59
2016-05-29 07:00:00,,,
2016-05-29 08:00:00,80.368,5.67,0.57
2016-05-29 09:00:00,77.853,5.87,0.57
2016-05-29 10:00:00,,,
2016-05-29 11:00:00,99.402,5.85,0.59
2016-05-29 12:00:00,182.839,4.89,0.59
2016-05-29 13:00:00,99.954,6.12,0.6
2016-05-29 14:00:00,101.527,2.37,0.6
2016-05-29 15:00:00,172.186,5.33,0.6
2016-05-29 16:00:00,,,
2016-05-29 17:00:00,77.269,5.95,0.52
2016-05-29 18:00:00,99.65,4.71,0.56
2016-05-29 19:00:00,939.465,2.01,0.6
2016-05-29 20:00:00,111.608,2.88,0.54
2016-05-29 21:00:00,165.302,1.95,0.6
2016-05-29 22:00:00,90.381,2.7,0.59
2016-05-29 23:00:00,463.561,2.44,0.57
2016-05-30 00:00:00,78.221,3.89,0.57
2016-05-30 01:00:00,96.702,6.21,0.58
2016-05-30 02:00:00,96.892,2.03,0.59
2016-05-30 03:00:00,77.379,5.5,0.59
2016-05-30 04:00:00,76.832,6.36,0.58
2016-05-30 05:00:00,77.554,6.53,0.61
2016-05-30 06:00:00,77.238,5.67,0.61
2016-05-30 07:00:00,77.492,6.39,0.61
2016-05-30 08:00:00,76.672,5.77,0.6
2016-05-30 09:00:00,78.165,5.97,0.52
2016-05-30 10:00:00,106.093,5.43,0.55
2016-05-30 11:00:00,76.734,5.62,0.53
2016-05-30 00:00:00,131.338,6.45,0.6
2016-05-30 13:00:00,77.029,6.45,0.6
2016-05-30 14:00:00,,,
2016-05-30 15:00:00,78.43,5.63,0.59
2016-05-30 16:00:00,193.812,3.62,0.53
2016-05-30 17:00:00,180.884,3.84,0.58
2016-05-30 18:00:00,127.389,2.73,0.59
2016-05-30 19:00:00,125.246,2.02,0.59
2016-05-30 20:00:00,258.747,1.87,0.54
2016-05-30 21:00:00,90.801,1.51,0.54
2016-05-30 22:00:00,76.83,4.07,0.45
2016-05-30 23:00:00,77.26,1.81,0.57
2016-05-31 00:00:00,76.771,6.38,0.59
2016-05-31 03:00:00,77.312,6.52,0.6
2016-05-31 04:00:00,78.224,6.48,0.61
2016-05-31 05:00:00,85.846,6.47,0.6
2016-05-31 06:00:00,78.393,5.69,0.6
2016-05-31 07:00:00,77.125,6.6,0.61
2016-05-31 08:00:00,77.522,5.94,0.6
2016-05-31 09:00:00,101.22,6.57,0.6
2016-05-31 10:00:00,121.818,6.59,0.57
2016-05-31 11:00:00,79.055,2.77,0.57
2016-05-31 00:00:00,,,
2016-05-31 13:00:00,108.107,3.83,0.56
2016-05-31 14:00:00,80.492,6.17,0.6
2016-05-31 15:00:00,111.7,2.17,0.61
2016-05-31 16:00:00,,,
2016-05-31 17:00:00,235.955,3.87,0.58
2016-05-31 18:00:00,361.771,2.29,0.49
2016-05-31 19:00:00,914.378,2.05,0.48
2016-05-31 20:00:00,193.083,1.83,0.52
2016-05-31 21:00:00,102.003,1.58,0.57
2016-05-31 23:00:00,112.368,2.84,0.35
2016-06-01 00:00:00,95.587,1.44,0.38
2016-06-01 01:00:00,75.981,3.1,0.38
2016-06-01 02:00:00,75.629,2.81,0.38
2016-06-01 03:00:00,78.342,3.3,0.37
2016-06-01 04:00:00,95.508,3.28,0.4
2016-06-01 05:00:00,77.125,3.33,0.4
2016-06-01 06:00:00,76.385,1.16,0.3
2016-06-01 07:00:00,95.079,2.66,0.39
2016-06-01 08:00:00,75.822,3.31,0.39
2016-06-01 09:00:00,76.385,3.33,0.39
2016-06-01 10:00:00,95.699,3.31,0.38
2016-06-01 11:00:00,95.924,3.12,0.37
2016-06-01 00:00:00,87.279,3.12,0.34
2016-06-01 13:00:00,104.06,3.29,0.38
2016-06-01 14:00:00,113.15,2.39,0.31
2016-06-01 15:00:00,135.956,3.36,0.4
2016-06-01 16:00:00,122.531,3.07,0.39
2016-06-01 17:00:00,116.669,2.24,0.36
2016-06-01 18:00:00,146.451,3.24,0.4
2016-06-01 19:00:00,77.645,2.99,0.38
2016-06-01 20:00:00,786.336,1.09,0.39
2016-06-01 21:00:00,1014.327,2.1,0.38
2016-06-01 22:00:00,115.466,3.12,0.39
2016-06-01 23:00:00,917.303,1.41,0.39
2016-06-02 01:00:00,113.396,2.5,0.38
2016-06-02 02:00:00,116.497,2.47,0.37
2016-06-02 03:00:00,76.517,3.1,0.39
2016-06-02 04:00:00,65.598,3.36,0.4
2016-06-02 05:00:00,84.542,3.35,0.39
2016-06-02 06:00:00,65.71,3.33,0.39
2016-06-02 07:00:00,,,
2016-06-02 08:00:00,110.421,3.06,0.38
2016-06-02 09:00:00,67.349,3.35,0.38
2016-06-02 10:00:00,,,
2016-06-02 11:00:00,66.771,3.37,0.37
2016-06-02 00:00:00,65.656,2.44,0.39
2016-06-02 13:00:00,125.693,3.29,0.39
2016-06-02 14:00:00,,,
2016-06-02 15:00:00,69.554,2.14,0.39
2016-06-02 16:00:00,65.851,2.82,0.38
2016-06-02 17:00:00,72.868,3.03,0.31
2016-06-02 18:00:00,82.333,1.98,0.38
2016-06-02 20:00:00,67.001,1.99,0.38
2016-06-02 21:00:00,92.899,2.2,0.33
2016-06-02 22:00:00,66.224,2.12,0.38
2016-06-02 23:00:00,87.998,3.19,0.38
2016-06-03 00:00:00,82.632,2.58,0.39
2016-06-03 01:00:00,95.954,3.33,0.39
2016-06-03 02:00:00,84.346,2.44,0.39
2016-06-03 03:00:00,66.887,3.36,0.4
2016-06-03 04:00:00,65.653,3.34,0.4
2016-06-03 05:00:00,65.669,3.35,0.38
2016-06-03 06:00:00,64.935,3.34,0.4
2016-06-03 07:00:00,65.093,3.31,0.4
2016-06-03 08:00:00,65.805,3.35,0.39
2016-06-03 09:00:00,65.187,3.25,0.37
2016-06-03 10:00:00,65.405,3.3,0.39
2016-06-03 11:00:00,550.668,1.39,0.25
2016-06-03 00:00:00,66.038,3.35,0.38
2016-06-03 13:00:00,65.65,3.33,0.39
2016-06-03 14:00:00,65.289,3.33,0.39
2016-06-03 15:00:00,102.85,0.92,0.27
2016-06-03 16:00:00,99.546,2.9,0.37
2016-06-03 17:00:00,66.831,2.95,0.38
2016-06-03 18:00:00,74.036,3.03,0.39
2016-06-03 19:00:00,65.895,2.86,0.37
2016-06-03 20:00:00,,,
2016-06-03 21:00:00,81.022,3.19,0.37
2016-06-03 22:00:00,136.598,1.71,0.32
2016-06-03 23:00:00,82.475,2.8,0.37
2016-06-04 00:00:00,67.038,2,0.37
2016-06-04 01:00:00,66.628,3.3,0.38
2016-06-04 02:00:00,,,
2016-06-04 03:00:00,65.908,3.31,0.39
2016-06-04 04:00:00,,,
2016-06-04 05:00:00,65.637,3.34,0.39
2016-06-04 06:00:00,65.136,3.32,0.39
2016-06-04 07:00:00,73.081,3.35,0.39
2016-06-04 08:00:00,66.232,3.22,0.39
2016-06-04 09:00:00,65.745,3.24,0.39
2016-06-04 10:00:00,66.08,3.12,0.36
2016-06-04 11:00:00,80.546,2.91,0.35
2016-06-04 00:00:00,72.875,2.95,0.38
2016-06-04 13:00:00,85.307,3.33,0.39
2016-06-04 14:00:00,80.273,3.31,0.39
2016-06-04 15:00:00,66.543,3.33,0.37
2016-06-04 16:00:00,65.663,2.95,0.39
2016-06-04 17:00:00,75.134,3.28,0.39
2016-06-04 18:00:00,65.76,3.3,0.38
2016-06-04 19:00:00,66.255,3.34,0.38
2016-06-04 20:00:00,70.655,3.24,0.38
2016-06-04 21:00:00,82.629,3.31,0.39
2016-06-04 22:00:00,,,
2016-06-04 23:00:00,66.055,3.24,0.39
2016-06-05 00:00:00,100.599,2.67,0.4
2016-06-05 01:00:00,65.668,3.34,0.35
2016-06-05 02:00:00,93.264,3.28,0.38
2016-06-05 03:00:00,66.989,3.09,0.38
2016-06-05 04:00:00,74.238,3.29,0.39
2016-06-05 05:00:00,66.406,3.18,0.38
2016-06-05 06:00:00,66.356,3.22,0.38
2016-06-05 07:00:00,100.606,3.1,0.39
2016-06-05 08:00:00,100.139,3.31,0.39
2016-06-05 09:00:00,93.504,2.12,0.34
2016-06-05 10:00:00,81.749,3.31,0.39
2016-06-05 11:00:00,152.58,2.29,0.28
2016-06-05 00:00:00,140.633,1.84,0.38
2016-06-05 13:00:00,86.397,3.27,0.38
2016-06-05 14:00:00,82.176,3.2,0.36
2016-06-05 15:00:00,82.564,3.31,0.39
2016-06-05 16:00:00,,,
2016-06-05 17:00:00,67.419,2.67,0.3
2016-06-05 18:00:00,87.628,2.82,0.34
2016-06-05 19:00:00,67.099,3.36,0.38
2016-06-05 20:00:00,66.102,3.34,0.39
2016-06-05 21:00:00,93.492,2.4,0.37
2016-06-05 22:00:00,65.817,2.88,0.38
2016-06-05 23:00:00,69.153,2.76,0.38
2016-06-06 00:00:00,,,
2016-06-06 01:00:00,67.065,2.76,0.39
2016-06-06 02:00:00,65.893,3.33,0.4
2016-06-06 03:00:00,66.062,3.3,0.39
2016-06-06 04:00:00,67.471,3.36,0.38
2016-06-06 05:00:00,65.735,3.35,0.39
2016-06-06 06:00:00,66.109,3.29,0.39
2016-06-06 07:00:00,212.901,1.54,0.33
2016-06-06 08:00:00,93.674,3.27,0.37
2016-06-06 09:00:00,84.572,3.35,0.39
2016-06-06 10:00:00,,,
2016-06-06 11:00:00,65.637,3.32,0.39
2016-06-06 00:00:00,67.392,3.31,0.38
2016-06-06 13:00:00,66.065,3.32,0.39
2016-06-06 14:00:00,65.568,3.33,0.39
2016-06-06 15:00:00,65.651,3.33,0.39
2016-06-06 16:00:00,94.239,2.81,0.37
2016-06-06 17:00:00,65.822,3.07,0.39
2016-06-06 18:00:00,66.917,2.88,0.38
2016-06-06 19:00:00,81.5,3.28,0.37
2016-06-06 20:00:00,,,
2016-06-06 21:00:00,124.092,2.68,0.38
2016-06-06 22:00:00,,,
2016-06-06 23:00:00,70.456,3.21,0.38
2016-06-07 00:00:00,66.517,2.51,0.36
2016-06-07 01:00:00,65.926,3.3,0.39
2016-06-07 02:00:00,66.033,3.33,0.39
2016-06-07 03:00:00,65.502,3.35,0.39
2016-06-07 04:00:00,60.627,3.36,0.39
2016-06-07 05:00:00,61.755,3.37,0.39
2016-06-07 06:00:00,60.161,3.35,0.38
2016-06-07 07:00:00,62.095,3.36,0.39
2016-06-07 08:00:00,61.017,3.32,0.39
2016-06-07 09:00:00,295.705,1.31,0.3
2016-06-07 10:00:00,74.146,3.24,0.34
2016-06-07 11:00:00,65.008,3.31,0.38
2016-06-07 00:00:00,59.934,3.1,0.37
2016-06-07 13:00:00,62.135,3.34,0.37
2016-06-07 14:00:00,,,
2016-06-07 15:00:00,74.142,3,0.36
2016-06-07 16:00:00,,,
2016-06-07 17:00:00,77.905,2.9,0.33
2016-06-07 18:00:00,,,
2016-06-07 19:00:00,95.651,3.21,0.34
2016-06-07 20:00:00,,,
2016-06-07 21:00:00,60.169,3.33,0.38
2016-06-07 22:00:00,116.485,2.07,0.36
2016-06-07 23:00:00,87.425,2.7,0.36
2016-06-08 00:00:00,60.408,2.99,0.39
2016-06-08 01:00:00,60.24,3.32,0.36
2016-06-08 02:00:00,59.956,2.78,0.38
2016-06-08 03:00:00,60.398,3.17,0.39
2016-06-08 04:00:00,60.65,3.33,0.4
2016-06-08 05:00:00,61.62,3.34,0.39
2016-06-08 06:00:00,60.677,3.34,0.34
2016-06-08 07:00:00,61.703,3.37,0.39
2016-06-08 08:00:00,60.046,3.3,0.39
2016-06-08 09:00:00,74.741,3.13,0.38
2016-06-08 10:00:00,61.551,2.33,0.36
2016-06-08 11:00:00,61.078,3.31,0.36
2016-06-08 00:00:00,63.095,3.23,0.34
2016-06-08 13:00:00,61.133,3.28,0.37
2016-06-08 14:00:00,74.02,2.69,0.36
2016-06-08 15:00:00,134.428,2.79,0.37
2016-06-08 16:00:00,92.39,2.41,0.33
2016-06-08 17:00:00,61.513,2.68,0.36
2016-06-08 18:00:00,95.965,2.7,0.35
2016-06-08 19:00:00,60.929,3.01,0.38
2016-06-08 20:00:00,64.33,3.28,0.38
2016-06-08 21:00:00,60.602,2.95,0.38
2016-06-08 22:00:00,62.292,3.09,0.37
2016-06-08 23:00:00,89.912,1.65,0.35
2016-06-09 00:00:00,76.454,2.97,0.34
2016-06-09 01:00:00,60.709,2.64,0.37
2016-06-09 02:00:00,60.652,2.89,0.38
2016-06-09 03:00:00,79.786,3.35,0.4
2016-06-09 04:00:00,60.622,3.33,0.4
2016-06-09 05:00:00,66.114,3.31,0.39
2016-06-09 06:00:00,60.603,3.32,0.39
2016-06-09 07:00:00,,,
2016-06-09 08:00:00,73.576,3.21,0.29
2016-06-09 09:00:00,60.913,3.33,0.38
2016-06-09 10:00:00,60.192,3.33,0.38
2016-06-09 11:00:00,60.166,3.35,0.38
2016-06-09 00:00:00,,,
2016-06-09 13:00:00,74.516,2.86,0.36
2016-06-09 14:00:00,60.596,3.35,0.38
2016-06-09 15:00:00,82.474,2.67,0.32
2016-06-09 16:00:00,73.758,2.71,0.39
2016-06-09 17:00:00,61.586,2.49,0.33
2016-06-09 18:00:00,74.977,3.23,0.36
2016-06-09 19:00:00,67.037,2.38,0.33
2016-06-09 20:00:00,75.092,3.12,0.37
2016-06-09 21:00:00,60.687,3.31,0.39
2016-06-09 22:00:00,84.245,3.1,0.35
2016-06-09 23:00:00,91.868,3.25,0.37
2016-06-10 00:00:00,75.001,3.3,0.38
2016-06-10 01:00:00,66.154,2.82,0.37
2016-06-10 02:00:00,85.641,2.61,0.39
2016-06-10 03:00:00,77.519,2.38,0.38
2016-06-10 04:00:00,60.456,2.54,0.39
2016-06-10 05:00:00,61.668,3.34,0.4
2016-06-10 06:00:00,60.129,3.31,0.4
2016-06-10 07:00:00,61.127,3.34,0.4
2016-06-10 08:00:00,60.947,2.03,0.37
2016-06-10 09:00:00,63.363,2.81,0.38
2016-06-10 10:00:00,,,
2016-06-10 11:00:00,60.6,3.15,0.36
2016-06-10 00:00:00,60.174,3.35,0.37
2016-06-10 13:00:00,73.97,3.34,0.39
2016-06-10 14:00:00,61.631,3.29,0.38
2016-06-10 15:00:00,62.184,3.24,0.39
2016-06-10 16:00:00,61.485,2.87,0.33
2016-06-10 17:00:00,94.558,3.11,0.36
2016-06-10 18:00:00,110.92,1.5,0.3
2016-06-10 19:00:00,60.788,2.07,0.33
2016-06-10 20:00:00,67.019,2.52,0.34
2016-06-10 21:00:00,88.605,3,0.36
2016-06-10 22:00:00,60.561,2.91,0.36
2016-06-10 23:00:00,97.683,2.14,0.35
2016-06-11 00:00:00,67.357,2.8,0.36
2016-06-11 01:00:00,61.526,3,0.38
2016-06-11 02:00:00,67.77,3.08,0.39
2016-06-11 03:00:00,60.537,3.35,0.39
2016-06-11 04:00:00,60.058,3.34,0.39
2016-06-11 05:00:00,60.971,3.29,0.39
2016-06-11 06:00:00,60.323,3.19,0.38
2016-06-11 07:00:00,,,
2016-06-11 08:00:00,89.747,2.47,0.38
2016-06-11 09:00:00,60.479,3.25,0.39
2016-06-11 10:00:00,,,
2016-06-11 11:00:00,79.063,2.96,0.36
2016-06-11 00:00:00,95.621,3.3,0.33
2016-06-11 13:00:00,99.329,2.65,0.34
2016-06-11 14:00:00,60.549,3.21,0.4
2016-06-11 15:00:00,63.425,3.32,0.39
2016-06-11 16:00:00,75.664,2.7,0.38
2016-06-11 17:00:00,60.695,3.07,0.38
2016-06-11 18:00:00,75.77,3.05,0.39
2016-06-11 19:00:00,160.818,2.38,0.37
2016-06-11 20:00:00,100.541,3.18,0.36
2016-06-11 21:00:00,,,
2016-06-11 22:00:00,68.416,3.03,0.38
2016-06-11 23:00:00,63.95,3.23,0.39
2016-06-12 00:00:00,,,
2016-06-12 01:00:00,60.856,2.58,0.38
2016-06-12 02:00:00,60.806,3.31,0.4
2016-06-12 03:00:00,61.949,3.32,0.39
2016-06-12 04:00:00,60.67,3.25,0.4
2016-06-12 05:00:00,61.307,3.28,0.38
2016-06-12 06:00:00,61.283,3.34,0.35
2016-06-12 07:00:00,60.793,3.19,0.33
2016-06-12 08:00:00,,,
2016-06-12 09:00:00,111.958,2.98,0.36
2016-06-12 11:00:00,83.536,1.8,0.32
2016-06-12 00:00:00,,,
2016-06-12 13:00:00,75.602,2.42,0.37
2016-06-12 14:00:00,,,
2016-06-12 15:00:00,60.287,3.34,0.39
2016-06-12 16:00:00,,,
2016-06-12 17:00:00,60.338,1.9,0.35
2016-06-12 18:00:00,60.637,3.24,0.38
2016-06-12 19:00:00,61.191,3.3,0.39
2016-06-12 20:00:00,64.116,2.97,0.38
2016-06-12 21:00:00,,,
2016-06-12 22:00:00,61.501,2.71,0.37
2016-06-12 23:00:00,,,
2016-06-13 00:00:00,,,
2016-06-13 00:00:00,,,
2016-06-13 02:00:00,60.597,3.3,0.4
2016-06-13 03:00:00,60.612,3.01,0.39
2016-06-13 04:00:00,60.059,2.75,0.39
2016-06-13 05:00:00,60.332,3.36,0.36
2016-06-13 06:00:00,60.599,3.3,0.37
2016-06-13 07:00:00,73.445,3.24,0.38
2016-06-13 08:00:00,60.249,2.94,0.38
2016-06-13 09:00:00,59.612,3.27,0.37
2016-06-13 10:00:00,,,
2016-06-13 11:00:00,75.134,3.15,0.38
2016-06-13 00:00:00,,,
2016-06-13 13:00:00,60.115,3.3,0.39
2016-06-13 14:00:00,80.925,1.91,0.38
2016-06-13 15:00:00,151.298,2.28,0.38
2016-06-13 16:00:00,169.951,2.42,0.38
2016-06-13 17:00:00,76.928,2.53,0.36
2016-06-13 18:00:00,375.715,1.3,0.25
2016-06-13 19:00:00,123.052,2.38,0.32
2016-06-13 20:00:00,65.879,2.93,0.37
2016-06-13 21:00:00,65.672,1.96,0.37
2016-06-13 22:00:00,,,
2016-06-13 23:00:00,61.958,3.34,0.38
2016-06-14 00:00:00,59.898,2.53,0.37
2016-06-14 01:00:00,60.522,2.86,0.37
2016-06-14 02:00:00,60.618,3.34,0.39
2016-06-14 03:00:00,60.091,3.34,0.4
2016-06-14 04:00:00,60.093,3.27,0.4
2016-06-14 05:00:00,60.56,3.32,0.37
2016-06-14 06:00:00,,,
2016-06-14 07:00:00,81.368,3.34,0.4
2016-06-14 08:00:00,60.564,3.27,0.4
2016-06-14 09:00:00,75.497,3.12,0.34
2016-06-14 10:00:00,61.978,3.24,0.33
2016-06-14 11:00:00,73.808,3.31,0.37
2016-06-14 00:00:00,74.063,2.96,0.34
2016-06-14 13:00:00,61.234,3.34,0.37
2016-06-14 14:00:00,60.324,3.35,0.35
2016-06-14 15:00:00,59.937,3.33,0.39
2016-06-14 16:00:00,,,
2016-06-14 17:00:00,60.281,2.98,0.33
2016-06-14 18:00:00,141.048,1.86,0.33
2016-06-14 19:00:00,79.192,2.93,0.33
2016-06-14 20:00:00,78.423,3.04,0.38
2016-06-14 21:00:00,,,
2016-06-14 22:00:00,,,
2016-06-14 23:00:00,85.984,2.84,0.38
2016-06-15 00:00:00,65.861,2.53,0.38
2016-06-15 01:00:00,80.118,3.31,0.38
2016-06-15 02:00:00,60.566,3.09,0.39
2016-06-15 03:00:00,60.847,2.28,0.38
2016-06-15 04:00:00,368.612,0.72,0.38
2016-06-15 05:00:00,,,
2016-06-15 06:00:00,60.349,3.14,0.38
2016-06-15 07:00:00,,,
2016-06-15 08:00:00,60.242,3.28,0.37
2016-06-15 09:00:00,60.229,3.35,0.4
2016-06-15 10:00:00,,,
2016-06-15 11:00:00,59.999,3.34,0.39
2016-06-15 00:00:00,60.821,3.35,0.38
2016-06-15 13:00:00,61.438,3.08,0.38
2016-06-15 14:00:00,,,
2016-06-15 15:00:00,73.264,3.32,0.38
2016-06-15 16:00:00,60.277,2.63,0.35
2016-06-15 17:00:00,74.798,2.52,0.38
2016-06-15 18:00:00,78.257,3.34,0.38
2016-06-15 19:00:00,61.083,2.5,0.37
2016-06-15 20:00:00,60.96,3.13,0.34
2016-06-15 21:00:00,102.539,2.68,0.38
2016-06-15 22:00:00,60.648,3.34,0.38
2016-06-15 23:00:00,97.521,2.39,0.38
2016-06-16 00:00:00,,,
2016-06-16 01:00:00,105.791,3.3,0.39
2016-06-16 02:00:00,60.068,2.76,0.38
2016-06-16 03:00:00,60.267,2.71,0.39
2016-06-16 04:00:00,59.839,3.31,0.35
2016-06-16 05:00:00,74.049,3.33,0.38
2016-06-16 06:00:00,,,
2016-06-16 07:00:00,,,
2016-06-16 08:00:00,64.424,3.35,0.4
2016-06-16 09:00:00,60.983,2.79,0.37
2016-06-16 10:00:00,61.858,3.34,0.4
2016-06-16 11:00:00,60.88,3.22,0.39
2016-06-16 00:00:00,61.28,3.12,0.37
2016-06-16 13:00:00,60.7,3.2,0.36
2016-06-16 14:00:00,,,
2016-06-16 15:00:00,,,
2016-06-16 16:00:00,59.872,3.16,0.36
2016-06-16 17:00:00,74.013,3.29,0.38
2016-06-16 18:00:00,126.011,2.66,0.37
2016-06-16 19:00:00,62.637,2.13,0.36
2016-06-16 20:00:00,,,
2016-06-16 21:00:00,64.963,2.37,0.36
2016-06-16 22:00:00,,,
2016-06-16 23:00:00,62.327,2.99,0.35
2016-06-17 00:00:00,74.71,3.3,0.33
2016-06-17 01:00:00,62.948,3.3,0.39
2016-06-17 02:00:00,62.301,3.09,0.37
2016-06-17 03:00:00,,,
2016-06-17 04:00:00,60.556,3.34,0.39
2016-06-17 05:00:00,80.094,3.3,0.39
2016-06-17 06:00:00,,,
2016-06-17 07:00:00,,,
2016-06-17 08:00:00,62.627,3.16,0.38
2016-06-17 09:00:00,60.508,3.32,0.39
2016-06-17 10:00:00,59.89,3.35,0.4
2016-06-17 11:00:00,60.785,3.31,0.39
2016-06-17 00:00:00,,,
2016-06-17 13:00:00,60.366,3.32,0.39
2016-06-17 14:00:00,,,
2016-06-17 15:00:00,137.229,2.66,0.34
2016-06-17 16:00:00,185.579,2.5,0.38
2016-06-17 17:00:00,82.191,2.95,0.33
2016-06-17 18:00:00,62.754,3.06,0.35
2016-06-17 19:00:00,60.433,3.26,0.37
2016-06-17 20:00:00,93.782,2.91,0.37
2016-06-17 21:00:00,101.308,2.16,0.35
2016-06-17 22:00:00,,,
2016-06-17 23:00:00,60.951,3.29,0.35
2016-06-18 00:00:00,115.189,2.98,0.37
2016-06-18 01:00:00,60.44,3.09,0.38
2016-06-18 02:00:00,61.073,3.3,0.4
2016-06-18 03:00:00,,,
2016-06-18 04:00:00,,,
2016-06-18 05:00:00,69.824,1.95,0.39
2016-06-18 06:00:00,,,
2016-06-18 07:00:00,,,
2016-06-18 08:00:00,60.341,3.27,0.39
2016-06-18 09:00:00,95.124,2.77,0.38
2016-06-18 10:00:00,,,
2016-06-18 11:00:00,74.773,2.35,0.37
2016-06-18 00:00:00,65.096,2.24,0.37
2016-06-18 13:00:00,61.009,3.29,0.39
2016-06-18 14:00:00,73.941,2.91,0.38
2016-06-18 15:00:00,,,
2016-06-18 16:00:00,,,
2016-06-18 17:00:00,61.083,3.31,0.38
2016-06-18 18:00:00,60.247,3.24,0.39
2016-06-18 19:00:00,61.574,3.15,0.34
2016-06-18 20:00:00,103.046,2.67,0.32
2016-06-18 21:00:00,,,
2016-06-18 22:00:00,60.216,3.03,0.39
2016-06-18 23:00:00,60.946,3.34,0.39
2016-06-19 00:00:00,61.147,3.11,0.38
2016-06-19 01:00:00,82.62,2.95,0.36
2016-06-19 02:00:00,,,
2016-06-19 03:00:00,,,
2016-06-19 04:00:00,60.602,3.29,0.39
2016-06-19 05:00:00,,,
2016-06-19 06:00:00,,,
2016-06-19 07:00:00,,,
2016-06-19 08:00:00,60.319,3.3,0.39
2016-06-19 09:00:00,388.885,1.08,0.21
2016-06-19 10:00:00,63.378,3.32,0.39
2016-06-19 11:00:00,,,
2016-06-19 00:00:00,60.79,3.32,0.39
2016-06-19 13:00:00,60.09,3.27,0.38
2016-06-19 14:00:00,62.009,3.34,0.37
2016-06-19 15:00:00,60.717,3.33,0.39
2016-06-19 16:00:00,60.451,3.34,0.38
2016-06-19 17:00:00,541.84,0.81,0.38
2016-06-19 18:00:00,203.721,1.77,0.35
2016-06-19 19:00:00,175.287,1.55,0.37
2016-06-19 20:00:00,269.218,0.71,0.37
2016-06-19 21:00:00,350.189,0.89,0.32
2016-06-19 22:00:00,,,
2016-06-19 23:00:00,197.775,0.51,0.35
2016-06-20 00:00:00,,,
2016-06-20 01:00:00,323.954,0.82,0.38
2016-06-20 02:00:00,274.556,0.81,0.39
2016-06-20 03:00:00,,,
2016-06-20 04:00:00,105.401,0.79,0.38
2016-06-20 05:00:00,230.357,0.55,0.38
2016-06-20 06:00:00,,,
2016-06-20 07:00:00,94.425,1.03,0.36
2016-06-20 08:00:00,357.14,0.81,0.35
2016-06-20 09:00:00,276.566,0.66,0.33
2016-06-20 10:00:00,,,
2016-06-20 11:00:00,307.241,0.78,0.39
2016-06-20 12:00:00,60.823,0.89,0.38
2016-06-20 13:00:00,306.08,0.77,0.36
2016-06-20 14:00:00,,,
2016-06-20 15:00:00,,,
2016-06-20 16:00:00,,,
2016-06-20 17:00:00,180.911,0.74,0.35
2016-06-20 18:00:00,318.817,0.65,0.33
2016-06-20 19:00:00,430.03,0.76,0.34
2016-06-20 20:00:00,215.785,0.63,0.38
2016-06-20 21:00:00,62.399,2.14,0.35
2016-06-20 22:00:00,69.925,3.28,0.36
2016-06-20 23:00:00,452.018,0.47,0.37
2016-06-21 00:00:00,,,
2016-06-21 00:00:00,,,
2016-06-21 02:00:00,243.542,0.81,0.38
2016-06-21 03:00:00,271.32,0.87,0.38
2016-06-21 04:00:00,,,
2016-06-21 05:00:00,60.651,3.19,0.39
2016-06-21 06:00:00,59.671,3.29,0.39
2016-06-21 07:00:00,59.861,3.33,0.38
2016-06-21 08:00:00,,,
2016-06-21 09:00:00,70.181,3.35,0.39
2016-06-21 10:00:00,60.348,3.3,0.39
2016-06-21 11:00:00,82.764,3.22,0.36
2016-06-21 00:00:00,68.575,3.28,0.35
2016-06-21 00:00:00,,,
2016-06-21 14:00:00,,,
2016-06-21 15:00:00,74.845,3.28,0.36
2016-06-21 16:00:00,,,
2016-06-21 17:00:00,258.008,1.43,0.28
2016-06-21 18:00:00,,,
2016-06-21 19:00:00,60.342,3.34,0.38
2016-06-21 20:00:00,,,
2016-06-21 21:00:00,,,
2016-06-21 22:00:00,61.325,3.2,0.36
2016-06-21 23:00:00,,,
2016-06-22 00:00:00,66.973,3.31,0.39
2016-06-22 00:00:00,,,
2016-06-22 02:00:00,60.618,3.34,0.39
2016-06-22 03:00:00,60.517,2.93,0.4
2016-06-22 04:00:00,,,
2016-06-22 05:00:00,60.744,3.35,0.4
2016-06-22 06:00:00,80.037,3.31,0.39
2016-06-22 07:00:00,59.639,3.35,0.39
2016-06-22 08:00:00,,,
2016-06-22 09:00:00,63.976,3.26,0.38
2016-06-22 10:00:00,106.213,2.79,0.36
2016-06-22 11:00:00,74.84,2.73,0.31
2016-06-22 00:00:00,60.662,3.24,0.37
2016-06-22 13:00:00,123.947,2.55,0.38
2016-06-22 14:00:00,,,
2016-06-22 15:00:00,60.397,3.32,0.4
2016-06-22 16:00:00,,,
2016-06-22 17:00:00,60.728,3.27,0.35
2016-06-22 18:00:00,85.348,2.58,0.35
2016-06-22 19:00:00,,,
2016-06-22 20:00:00,61.032,3.33,0.38
2016-06-22 21:00:00,82.335,3.01,0.39
2016-06-22 22:00:00,,,
2016-06-22 23:00:00,75.456,2.9,0.39
2016-06-23 00:00:00,,,
2016-06-23 00:00:00,,,
2016-06-23 02:00:00,,,
2016-06-23 03:00:00,67.734,3.33,0.39
2016-06-23 04:00:00,,,
2016-06-23 05:00:00,,,
2016-06-23 06:00:00,,,
2016-06-23 07:00:00,,,
2016-06-23 08:00:00,,,
2016-06-23 09:00:00,,,
2016-06-23 10:00:00,102.457,3,0.38
2016-06-23 11:00:00,78.324,3.3,0.37
2016-06-23 00:00:00,60.09,3.3,0.39
2016-06-23 13:00:00,61.609,3.31,0.38
2016-06-23 14:00:00,,,
2016-06-23 15:00:00,60.833,3.32,0.39
2016-06-23 16:00:00,86.375,2.9,0.34
2016-06-23 17:00:00,83.507,2.83,0.35
2016-06-23 18:00:00,208.935,1.5,0.31
2016-06-23 19:00:00,77.892,3.01,0.36
2016-06-23 20:00:00,75,2.83,0.38
2016-06-23 21:00:00,,,
2016-06-23 22:00:00,70.727,3.34,0.39
2016-06-23 23:00:00,,,
2016-06-24 00:00:00,,,
2016-06-24 00:00:00,,,
2016-06-24 02:00:00,,,
2016-06-24 03:00:00,62.951,3.34,0.39
2016-06-24 04:00:00,,,
2016-06-24 05:00:00,64.924,3.33,0.36
2016-06-24 06:00:00,,,
2016-06-24 07:00:00,78.882,3.34,0.39
2016-06-24 08:00:00,63.03,3.25,0.39
2016-06-24 09:00:00,72.366,2.92,0.39
2016-06-24 10:00:00,63.093,3.29,0.4
2016-06-24 00:00:00,63.221,3.32,0.4
2016-06-24 13:00:00,77.108,3.34,0.39
2016-06-24 15:00:00,,,
2016-06-24 16:00:00,,,
2016-06-24 17:00:00,61.477,3.33,0.39
2016-06-24 18:00:00,79.232,3.3,0.34
2016-06-24 19:00:00,90.709,2.4,0.38
2016-06-24 20:00:00,75.374,3.09,0.4
2016-06-24 21:00:00,,,
2016-06-24 22:00:00,,,
2016-06-24 23:00:00,77.636,2.45,0.34
2016-06-25 00:00:00,,,
2016-06-25 01:00:00,61.415,2.92,0.38
2016-06-25 02:00:00,61.343,2.67,0.38
2016-06-25 03:00:00,,,
2016-06-25 04:00:00,60.685,3.32,0.39
2016-06-25 05:00:00,60.7,3.33,0.39
2016-06-25 06:00:00,65.509,3.36,0.38
2016-06-25 07:00:00,,,
2016-06-25 08:00:00,62.033,3.31,0.38
2016-06-25 09:00:00,,,
2016-06-25 10:00:00,,,
2016-06-25 11:00:00,94.595,3.33,0.39
2016-06-25 00:00:00,,,
2016-06-25 13:00:00,60.338,3.01,0.39
2016-06-25 14:00:00,60.464,3.32,0.37
2016-06-25 15:00:00,,,
2016-06-25 16:00:00,,,
2016-06-25 17:00:00,67.354,3.21,0.39
2016-06-25 18:00:00,,,
2016-06-25 19:00:00,,,
2016-06-25 20:00:00,60.434,3.35,0.39
2016-06-25 21:00:00,60.897,3.33,0.39
2016-06-25 22:00:00,61.32,3.34,0.39
2016-06-25 23:00:00,109.802,2.19,0.34
2016-06-26 00:00:00,69.919,2.8,0.34
2016-06-26 01:00:00,160.994,2.31,0.34
2016-06-26 02:00:00,60.247,3,0.37
2016-06-26 03:00:00,,,
2016-06-26 04:00:00,,,
2016-06-26 05:00:00,,,
2016-06-26 06:00:00,,,
2016-06-26 07:00:00,64.651,3.15,0.19
2016-06-26 08:00:00,66.56,1.06,0.38
2016-06-26 09:00:00,65.854,1.1,0.4
2016-06-26 10:00:00,187.184,0.87,0.38
2016-06-26 11:00:00,,,
2016-06-26 00:00:00,87.664,0.83,0.37
2016-06-26 13:00:00,66.768,1.1,0.37
2016-06-26 14:00:00,,,
2016-06-26 15:00:00,198.497,0.8,0.39
2016-06-26 16:00:00,67.081,0.79,0.33
2016-06-26 17:00:00,,,
2016-06-26 18:00:00,700.724,0.72,0.27
2016-06-26 19:00:00,361.217,0.62,0.37
2016-06-26 20:00:00,95.701,0.9,0.28
2016-06-26 21:00:00,,,
2016-06-26 22:00:00,,,
2016-06-26 23:00:00,260.295,0.64,0.34
2016-06-27 00:00:00,67.346,1.09,0.39
2016-06-27 00:00:00,,,
2016-06-27 02:00:00,66.704,1.09,0.4
2016-06-27 03:00:00,66.484,1.1,0.4
2016-06-27 04:00:00,102.419,1.02,0.39
2016-06-27 05:00:00,89.758,1.12,0.4
2016-06-27 06:00:00,66.868,1.1,0.36
2016-06-27 07:00:00,342.293,0.77,0.37
2016-06-27 08:00:00,157.473,0.83,0.37
2016-06-27 09:00:00,67.113,1.09,0.39
2016-06-27 10:00:00,90.496,0.83,0.33
2016-06-27 00:00:00,71.53,3.34,0.36
2016-06-27 13:00:00,60.569,3.33,0.39
2016-06-27 14:00:00,111.504,3.09,0.37
2016-06-27 15:00:00,60.063,2.28,0.36
2016-06-27 16:00:00,,,
2016-06-27 17:00:00,75.305,2.85,0.37
2016-06-27 18:00:00,74.116,3.11,0.37
2016-06-27 19:00:00,75.988,3.07,0.36
2016-06-27 20:00:00,116.193,2.48,0.35
2016-06-27 21:00:00,60.174,3.33,0.39
2016-06-27 22:00:00,74.046,2.27,0.36
2016-06-27 23:00:00,79.995,2.28,0.36
2016-06-28 00:00:00,94.597,3.31,0.37
2016-06-28 01:00:00,60.632,3.29,0.36
2016-06-28 02:00:00,,,
